,word,count,frequency,probability_of_staying,cumulative_distribution,one_hot_vector,word_vector
0,being,4,0.01904761904761905,0.28162878474779196,2,"[1. 0. 0. 0. 0. 0. 0. 0. 0. 0. 0. 0. 0. 0. 0. 0. 0. 0. 0. 0. 0. 0. 0. 0.
 0. 0. 0. 0. 0. 0. 0. 0. 0. 0. 0. 0. 0. 0. 0. 0. 0. 0. 0. 0. 0. 0. 0. 0.
 0. 0. 0. 0. 0. 0. 0. 0. 0. 0. 0. 0. 0. 0. 0. 0. 0. 0. 0. 0. 0. 0. 0. 0.
 0. 0. 0. 0. 0. 0. 0. 0. 0. 0. 0. 0. 0. 0. 0. 0. 0. 0.]","[0.07200955885723608, -0.02025005919772066, -0.014455973576802948, -0.03311974570439884, -0.0855917294423351, -0.0369021557822804, -0.007493460164501534, -0.00464433130813413, 0.07289445833077537, -0.04781887869243965, 0.05353885125327292, 0.0727572157972272, 0.05022589947096752, 0.005885305686107339, -0.009612425450446993, -0.0377045388683472, 0.001730815874607887, -0.0254782812045875, -0.02180770650696486, 0.08933697872929157, 0.042802808990891006, 0.05254944147257866, -0.042842611711133585, 0.09854676792695098]"
1,sun,4,0.01904761904761905,0.28162878474779196,5,"[0. 1. 0. 0. 0. 0. 0. 0. 0. 0. 0. 0. 0. 0. 0. 0. 0. 0. 0. 0. 0. 0. 0. 0.
 0. 0. 0. 0. 0. 0. 0. 0. 0. 0. 0. 0. 0. 0. 0. 0. 0. 0. 0. 0. 0. 0. 0. 0.
 0. 0. 0. 0. 0. 0. 0. 0. 0. 0. 0. 0. 0. 0. 0. 0. 0. 0. 0. 0. 0. 0. 0. 0.
 0. 0. 0. 0. 0. 0. 0. 0. 0. 0. 0. 0. 0. 0. 0. 0. 0. 0.]","[-0.07252789409092895, -0.028708774191707247, 0.0060863013372892015, -0.059759062052644855, -0.03505061284121727, -0.013259220930389625, 0.07871373068912477, 0.06413099248419582, 0.05901732511653243, 0.05840785158360101, 0.06364617928978364, 0.01707945232049869, 0.036871253472024794, -0.04623535221180671, -0.041322683575986584, -0.038765235352837366, -0.07349083366642192, -0.07233525761156154, 0.00787069787153373, 0.036359599220069226, -0.010421274254601614, 0.032988569426238984, 0.007022410071711785, 0.03992943633729215]"
2,that,4,0.01904761904761905,0.28162878474779196,7,"[0. 0. 1. 0. 0. 0. 0. 0. 0. 0. 0. 0. 0. 0. 0. 0. 0. 0. 0. 0. 0. 0. 0. 0.
 0. 0. 0. 0. 0. 0. 0. 0. 0. 0. 0. 0. 0. 0. 0. 0. 0. 0. 0. 0. 0. 0. 0. 0.
 0. 0. 0. 0. 0. 0. 0. 0. 0. 0. 0. 0. 0. 0. 0. 0. 0. 0. 0. 0. 0. 0. 0. 0.
 0. 0. 0. 0. 0. 0. 0. 0. 0. 0. 0. 0. 0. 0. 0. 0. 0. 0.]","[-0.029262011481656625, -0.07022192470723854, 0.03922402135418199, -0.0406594962603706, 0.019074385913992756, 0.07251594058995392, 0.050955057121678964, -0.05683057965942, 0.04768523505327789, 0.06873579302300262, 0.016703691996781022, 0.02475601346109027, 0.05065122226861605, 0.06225637567683453, -0.04151575527344328, -0.01718898385221155, -0.018394596574540404, 0.06715562878238207, 0.04290753967942085, 0.021595359239744823, -0.08170121063871257, 0.02527868157678145, -0.008797307997605594, 0.025933187817061568]"
3,composed,3,0.014285714285714285,0.3345751311064591,9,"[0. 0. 0. 1. 0. 0. 0. 0. 0. 0. 0. 0. 0. 0. 0. 0. 0. 0. 0. 0. 0. 0. 0. 0.
 0. 0. 0. 0. 0. 0. 0. 0. 0. 0. 0. 0. 0. 0. 0. 0. 0. 0. 0. 0. 0. 0. 0. 0.
 0. 0. 0. 0. 0. 0. 0. 0. 0. 0. 0. 0. 0. 0. 0. 0. 0. 0. 0. 0. 0. 0. 0. 0.
 0. 0. 0. 0. 0. 0. 0. 0. 0. 0. 0. 0. 0. 0. 0. 0. 0. 0.]","[-0.0584599499379166, 0.0457271572204767, -0.0627733507463186, 0.06578212671824017, -0.009029605611003435, 0.026039450810942093, 0.011546617365850161, -0.009623733522068339, -0.046094022102452975, 0.031452446041439784, -0.08213139267207611, -0.012532086656551665, 0.06063863195211495, -0.033762256012047194, 0.07981735789263576, 0.04827742795552336, 0.018464555489298273, -0.044398975323622865, 0.04901526015542564, -3.482892743321615e-05, 0.05334947144031279, 0.02702797578648545, -0.045970327810978456, 0.07805099184878533]"
4,objects,3,0.014285714285714285,0.3345751311064591,10,"[0. 0. 0. 0. 1. 0. 0. 0. 0. 0. 0. 0. 0. 0. 0. 0. 0. 0. 0. 0. 0. 0. 0. 0.
 0. 0. 0. 0. 0. 0. 0. 0. 0. 0. 0. 0. 0. 0. 0. 0. 0. 0. 0. 0. 0. 0. 0. 0.
 0. 0. 0. 0. 0. 0. 0. 0. 0. 0. 0. 0. 0. 0. 0. 0. 0. 0. 0. 0. 0. 0. 0. 0.
 0. 0. 0. 0. 0. 0. 0. 0. 0. 0. 0. 0. 0. 0. 0. 0. 0. 0.]","[0.0077878574302750045, 0.049247017333847044, -0.05377266217822204, -0.076845153339108, -0.022507587081133637, 0.060856905338571236, -0.002250099928889479, -0.06733765557239114, 0.0006606027972195265, 0.03403110113087914, -0.07282895322682637, -0.04273584901416258, 0.04770656526919936, 0.012116252912914443, -0.043151655660185695, 0.06874243990360733, -0.0006665996032749445, 0.07677301263289124, 0.002876978671294012, 0.07689808019833197, -0.03007276806990738, -0.060540142594012275, -0.02929000623336191, -0.060304053879494224]"
5,orbit,3,0.014285714285714285,0.3345751311064591,12,"[0. 0. 0. 0. 0. 1. 0. 0. 0. 0. 0. 0. 0. 0. 0. 0. 0. 0. 0. 0. 0. 0. 0. 0.
 0. 0. 0. 0. 0. 0. 0. 0. 0. 0. 0. 0. 0. 0. 0. 0. 0. 0. 0. 0. 0. 0. 0. 0.
 0. 0. 0. 0. 0. 0. 0. 0. 0. 0. 0. 0. 0. 0. 0. 0. 0. 0. 0. 0. 0. 0. 0. 0.
 0. 0. 0. 0. 0. 0. 0. 0. 0. 0. 0. 0. 0. 0. 0. 0. 0. 0.]","[0.036331635963466155, -0.05653379547656507, -0.048098669616531003, 0.03501969317046417, -0.026671850241901884, 0.01399361443298898, 0.029258687507050105, -0.07009331126379788, 0.052625515339333295, 0.04675380091275209, -0.02985236928142938, -0.012260448643881027, 0.012824279930217897, 0.05277627493832259, 0.046426581158654924, 0.07311302787454751, -0.029806613048110688, 0.07091182385003805, 0.0328747474955616, -0.053763896005606965, 0.053872926953062755, 0.0580410141049435, -0.017520902788679543, -0.0405745200020931]"
6,system,3,0.014285714285714285,0.3345751311064591,14,"[0. 0. 0. 0. 0. 0. 1. 0. 0. 0. 0. 0. 0. 0. 0. 0. 0. 0. 0. 0. 0. 0. 0. 0.
 0. 0. 0. 0. 0. 0. 0. 0. 0. 0. 0. 0. 0. 0. 0. 0. 0. 0. 0. 0. 0. 0. 0. 0.
 0. 0. 0. 0. 0. 0. 0. 0. 0. 0. 0. 0. 0. 0. 0. 0. 0. 0. 0. 0. 0. 0. 0. 0.
 0. 0. 0. 0. 0. 0. 0. 0. 0. 0. 0. 0. 0. 0. 0. 0. 0. 0.]","[-0.05231881260060433, 0.0032573642441852523, 0.038231060178601124, -0.08501378760293221, 0.06320431989584505, 0.07387160181050191, -0.059927872015707824, -0.029176845652215497, 0.0024021643757142783, 0.026447124168027074, -0.06364492284119891, 0.009648216632169478, 0.052704876644169334, -0.06600974369824801, -0.0786814580277692, -0.021408211453107274, 0.07428552304763339, -0.004599811673390785, 0.059129589110101854, 0.05418374201196483, 0.0017381365144197034, -0.05175681748729008, -0.011720394459929173, -0.016637603854273517]"
7,two,3,0.014285714285714285,0.3345751311064591,16,"[0. 0. 0. 0. 0. 0. 0. 1. 0. 0. 0. 0. 0. 0. 0. 0. 0. 0. 0. 0. 0. 0. 0. 0.
 0. 0. 0. 0. 0. 0. 0. 0. 0. 0. 0. 0. 0. 0. 0. 0. 0. 0. 0. 0. 0. 0. 0. 0.
 0. 0. 0. 0. 0. 0. 0. 0. 0. 0. 0. 0. 0. 0. 0. 0. 0. 0. 0. 0. 0. 0. 0. 0.
 0. 0. 0. 0. 0. 0. 0. 0. 0. 0. 0. 0. 0. 0. 0. 0. 0. 0.]","[0.0019713398331356047, -0.06701645426342645, 0.03165518982767314, -0.05032245702061565, -0.02517909495215959, -0.07171015658260882, -0.06738427390859524, 0.040925660153465236, -0.022515120382673174, 0.012113148676287686, -0.02517133437501711, 0.06464718400389964, 0.06189579022167713, 0.0622236800484789, 0.036151350343755696, -0.0191790374573467, 0.02674127078753437, -0.02079992671036286, -0.08036631433580477, -0.028019136951173664, 0.013195611105033731, 0.07069105083136001, 0.03713568953439586, -0.06298972769351897]"
8,a,2,0.009523809523809525,0.429037034920393,17,"[0. 0. 0. 0. 0. 0. 0. 0. 1. 0. 0. 0. 0. 0. 0. 0. 0. 0. 0. 0. 0. 0. 0. 0.
 0. 0. 0. 0. 0. 0. 0. 0. 0. 0. 0. 0. 0. 0. 0. 0. 0. 0. 0. 0. 0. 0. 0. 0.
 0. 0. 0. 0. 0. 0. 0. 0. 0. 0. 0. 0. 0. 0. 0. 0. 0. 0. 0. 0. 0. 0. 0. 0.
 0. 0. 0. 0. 0. 0. 0. 0. 0. 0. 0. 0. 0. 0. 0. 0. 0. 0.]","[-0.05443323257994477, -0.005114660962763856, 0.0725202360374488, 0.05279602086289667, -0.060747966770813976, -0.009776411465663397, 0.037511799391193625, -0.06918878433220375, -0.06778544795198875, -0.048591740392286045, 0.058065608057808964, -0.0004650143249500286, -0.04055210137846155, -0.011939223137465321, 0.06600130046558433, 0.015702388034356706, -0.04390286787889394, 0.03656496574076242, 0.062216754825255696, 0.015236977461429428, 0.025856334975424722, -0.04021382482037991, -0.04631534092181567, 0.05850099723020772]"
9,directly,2,0.009523809523809525,0.429037034920393,19,"[0. 0. 0. 0. 0. 0. 0. 0. 0. 1. 0. 0. 0. 0. 0. 0. 0. 0. 0. 0. 0. 0. 0. 0.
 0. 0. 0. 0. 0. 0. 0. 0. 0. 0. 0. 0. 0. 0. 0. 0. 0. 0. 0. 0. 0. 0. 0. 0.
 0. 0. 0. 0. 0. 0. 0. 0. 0. 0. 0. 0. 0. 0. 0. 0. 0. 0. 0. 0. 0. 0. 0. 0.
 0. 0. 0. 0. 0. 0. 0. 0. 0. 0. 0. 0. 0. 0. 0. 0. 0. 0.]","[0.0008601359891259695, -0.015512573422723388, 0.04231084162768114, -0.0659500191843654, -0.06370562532753629, 0.005072423881897625, 0.011951492931820662, 0.0072216591679255876, 0.09024590691127284, -0.013744447975375818, -0.005013220798605453, 0.07191017264437649, 0.06578489606785738, 0.04295186544431408, 0.055529815047318784, 0.020608555067127377, 0.08629870577315472, 0.014983142292887818, 0.03642356253233821, -0.07639870651704636, -0.04094410172820389, 0.08906422877460274, 0.07353672900366755, 0.003977171888774556]"
10,eight,2,0.009523809523809525,0.429037034920393,20,"[0. 0. 0. 0. 0. 0. 0. 0. 0. 0. 1. 0. 0. 0. 0. 0. 0. 0. 0. 0. 0. 0. 0. 0.
 0. 0. 0. 0. 0. 0. 0. 0. 0. 0. 0. 0. 0. 0. 0. 0. 0. 0. 0. 0. 0. 0. 0. 0.
 0. 0. 0. 0. 0. 0. 0. 0. 0. 0. 0. 0. 0. 0. 0. 0. 0. 0. 0. 0. 0. 0. 0. 0.
 0. 0. 0. 0. 0. 0. 0. 0. 0. 0. 0. 0. 0. 0. 0. 0. 0. 0.]","[0.012218819001299022, 0.019285007882897384, -0.04477474032655231, -0.09960207010061117, 0.041377951075888646, -0.03143446642409526, 0.015687272247297827, -0.00621147295995249, -0.06742341178798607, 0.08221877358785237, -0.019896204550359536, -0.046525055146837066, 0.04774358465027201, -0.0034093806907091557, -0.06632546063339433, -0.06906808197395427, -0.028918927955309082, 0.06806413133189039, 0.005364300865756122, -0.052433473866367965, -0.085348302968005, -0.01917740256832827, -0.0431388227855071, 0.024352884618877035]"
11,four,2,0.009523809523809525,0.429037034920393,21,"[0. 0. 0. 0. 0. 0. 0. 0. 0. 0. 0. 1. 0. 0. 0. 0. 0. 0. 0. 0. 0. 0. 0. 0.
 0. 0. 0. 0. 0. 0. 0. 0. 0. 0. 0. 0. 0. 0. 0. 0. 0. 0. 0. 0. 0. 0. 0. 0.
 0. 0. 0. 0. 0. 0. 0. 0. 0. 0. 0. 0. 0. 0. 0. 0. 0. 0. 0. 0. 0. 0. 0. 0.
 0. 0. 0. 0. 0. 0. 0. 0. 0. 0. 0. 0. 0. 0. 0. 0. 0. 0.]","[-0.02391469274654907, 0.018351136431088006, 0.03756831807015159, -0.08155263922556816, 0.0045393705232226874, -0.0659670386239065, 0.015353130591166947, 0.024683689613319803, -0.004440308644139323, 0.0770641696476458, 0.015340438924392233, -0.009176751364716849, -0.09239878833451177, -0.008464992008759276, -0.05638758375063835, -0.08742217639643478, -0.07964818184578082, -0.06998588560030801, 0.08727821808797713, 0.016061824741471553, 0.03762254604927187, -0.0028442182475737683, 0.018076100219498552, -0.06585780031190712]"
12,giant,2,0.009523809523809525,0.429037034920393,23,"[0. 0. 0. 0. 0. 0. 0. 0. 0. 0. 0. 0. 1. 0. 0. 0. 0. 0. 0. 0. 0. 0. 0. 0.
 0. 0. 0. 0. 0. 0. 0. 0. 0. 0. 0. 0. 0. 0. 0. 0. 0. 0. 0. 0. 0. 0. 0. 0.
 0. 0. 0. 0. 0. 0. 0. 0. 0. 0. 0. 0. 0. 0. 0. 0. 0. 0. 0. 0. 0. 0. 0. 0.
 0. 0. 0. 0. 0. 0. 0. 0. 0. 0. 0. 0. 0. 0. 0. 0. 0. 0.]","[0.03529577669235639, 0.05802150331337648, 0.04566055055426393, -0.03545062004447485, -0.0893700230695634, -0.0794267553012907, -0.03126452743277637, 0.03924731898726372, -0.049625458188036944, -0.010258853813233876, 0.039937809013540285, 0.03101633234920697, -0.06974405423309889, -0.011322120854078108, -0.012484416626149035, 0.05583631190091933, 0.02079387525383904, 0.058169608184004164, -0.06626848627099509, 0.04862418262044203, -0.028888486631258002, -0.00918212850218407, 0.0033379202776816883, 0.07077287988596664]"
13,giants,2,0.009523809523809525,0.429037034920393,24,"[0. 0. 0. 0. 0. 0. 0. 0. 0. 0. 0. 0. 0. 1. 0. 0. 0. 0. 0. 0. 0. 0. 0. 0.
 0. 0. 0. 0. 0. 0. 0. 0. 0. 0. 0. 0. 0. 0. 0. 0. 0. 0. 0. 0. 0. 0. 0. 0.
 0. 0. 0. 0. 0. 0. 0. 0. 0. 0. 0. 0. 0. 0. 0. 0. 0. 0. 0. 0. 0. 0. 0. 0.
 0. 0. 0. 0. 0. 0. 0. 0. 0. 0. 0. 0. 0. 0. 0. 0. 0. 0.]","[0.0407593927679814, 0.003510642630886254, 0.015870168531606, -0.0417645939818145, -0.020579814402085426, 0.026209013460550015, 0.01783979317289587, -0.0761494912431178, 0.06179069777313103, -0.04637436768302404, 0.05089325513980775, -0.020384159134956382, 0.05727295690848591, 0.06229085834967748, -0.06515967424253809, -0.01367671540054373, 0.03559916156477923, -0.07476179334005668, -0.044309718007282096, -0.03521600858662481, 0.05400980124925877, 0.08263147056344157, 0.013596938561362622, 0.039349513304092594]"
14,in,2,0.009523809523809525,0.429037034920393,25,"[0. 0. 0. 0. 0. 0. 0. 0. 0. 0. 0. 0. 0. 0. 1. 0. 0. 0. 0. 0. 0. 0. 0. 0.
 0. 0. 0. 0. 0. 0. 0. 0. 0. 0. 0. 0. 0. 0. 0. 0. 0. 0. 0. 0. 0. 0. 0. 0.
 0. 0. 0. 0. 0. 0. 0. 0. 0. 0. 0. 0. 0. 0. 0. 0. 0. 0. 0. 0. 0. 0. 0. 0.
 0. 0. 0. 0. 0. 0. 0. 0. 0. 0. 0. 0. 0. 0. 0. 0. 0. 0.]","[-0.04162997750543187, -0.03200344269235107, -0.06358432709754064, 0.04523772047973781, 0.06578532498956617, 0.007539844040306353, -0.03881349200355032, -0.02139173132542916, 0.03739663767247932, -0.05902267169377921, -0.051808895611580794, 0.030141333959071582, -0.04650734744791691, -0.06107784776575769, 0.07082576637723487, -0.01374292791183941, 0.009485029965095577, -0.03847441506110046, -0.03872103492321464, 0.04739179504435037, -0.07030801540325927, 0.019555792091503196, -0.027232472539519922, -0.062322156398383496]"
15,indirectly,2,0.009523809523809525,0.429037034920393,27,"[0. 0. 0. 0. 0. 0. 0. 0. 0. 0. 0. 0. 0. 0. 0. 1. 0. 0. 0. 0. 0. 0. 0. 0.
 0. 0. 0. 0. 0. 0. 0. 0. 0. 0. 0. 0. 0. 0. 0. 0. 0. 0. 0. 0. 0. 0. 0. 0.
 0. 0. 0. 0. 0. 0. 0. 0. 0. 0. 0. 0. 0. 0. 0. 0. 0. 0. 0. 0. 0. 0. 0. 0.
 0. 0. 0. 0. 0. 0. 0. 0. 0. 0. 0. 0. 0. 0. 0. 0. 0. 0.]","[0.013139473480727908, 0.04366253456299004, -0.017556588564619956, 0.0609235183261721, -0.016306973298602607, 0.018402115906955122, -0.07878947843321349, 0.06206915079182106, 0.014835718141655976, -0.08159794969440769, -0.047925701030635384, -0.04720001820418152, 0.02872999928791881, 0.052037349921749826, 0.08092077434470532, 0.04432224856237981, -0.0011821179108651083, -7.194549962169447e-05, -0.08095340083430898, 0.03993598743590885, -0.003453264035227931, 0.05785783565648465, -0.07371918648362577, 0.034406669591220275]"
16,is,2,0.009523809523809525,0.429037034920393,28,"[0. 0. 0. 0. 0. 0. 0. 0. 0. 0. 0. 0. 0. 0. 0. 0. 1. 0. 0. 0. 0. 0. 0. 0.
 0. 0. 0. 0. 0. 0. 0. 0. 0. 0. 0. 0. 0. 0. 0. 0. 0. 0. 0. 0. 0. 0. 0. 0.
 0. 0. 0. 0. 0. 0. 0. 0. 0. 0. 0. 0. 0. 0. 0. 0. 0. 0. 0. 0. 0. 0. 0. 0.
 0. 0. 0. 0. 0. 0. 0. 0. 0. 0. 0. 0. 0. 0. 0. 0. 0. 0.]","[-0.044321976544515994, 0.04891735577055124, -0.05515093666854215, -0.027645717273439528, 0.009634839578224303, 0.043722746182707294, 0.0011799271559829571, -0.08666118068566359, -0.011925738611097778, 0.008799294361168202, -0.09608499874402122, 0.044568223225706534, -0.08133821343226307, -0.07688807859200641, 0.0014322084115276639, 0.0028454150973429996, 0.08394970082873439, -0.08392355121600426, 0.03975535639976453, 0.020062182507583452, -0.03703677355305421, 0.014408387104617887, -0.060266144436514436, -0.019481053618966106]"
17,jupiter,2,0.009523809523809525,0.429037034920393,29,"[0. 0. 0. 0. 0. 0. 0. 0. 0. 0. 0. 0. 0. 0. 0. 0. 0. 1. 0. 0. 0. 0. 0. 0.
 0. 0. 0. 0. 0. 0. 0. 0. 0. 0. 0. 0. 0. 0. 0. 0. 0. 0. 0. 0. 0. 0. 0. 0.
 0. 0. 0. 0. 0. 0. 0. 0. 0. 0. 0. 0. 0. 0. 0. 0. 0. 0. 0. 0. 0. 0. 0. 0.
 0. 0. 0. 0. 0. 0. 0. 0. 0. 0. 0. 0. 0. 0. 0. 0. 0. 0.]","[0.034620333267197295, 0.05213117593404503, 0.06281106999176997, 0.011967313376614204, 0.06388222871828975, 0.004924395710775394, -0.04164266273515952, -0.06073757882186662, -0.016150897432666914, -0.060467712233057996, -0.013755168129569395, -0.07570341633780199, -0.056940399363561336, 0.04183944516047534, 0.03325182581405003, -0.0003055337174028117, -0.044000458790350146, -0.014155884248693842, -0.06696219769904493, -0.017222587122299054, -0.0310301413349824, 0.0792365109577734, -0.07103281343941585, 0.04522824966313672]"
18,largest,2,0.009523809523809525,0.429037034920393,31,"[0. 0. 0. 0. 0. 0. 0. 0. 0. 0. 0. 0. 0. 0. 0. 0. 0. 0. 1. 0. 0. 0. 0. 0.
 0. 0. 0. 0. 0. 0. 0. 0. 0. 0. 0. 0. 0. 0. 0. 0. 0. 0. 0. 0. 0. 0. 0. 0.
 0. 0. 0. 0. 0. 0. 0. 0. 0. 0. 0. 0. 0. 0. 0. 0. 0. 0. 0. 0. 0. 0. 0. 0.
 0. 0. 0. 0. 0. 0. 0. 0. 0. 0. 0. 0. 0. 0. 0. 0. 0. 0.]","[-0.025306408529308048, 0.04115403578856656, 0.03638460527162726, 0.04901837693631392, 0.06013218092641264, 0.0424388626406742, 0.00809269549369581, -0.05076255892416208, -0.06487196729105713, 0.007950449171363177, -0.06272618758698531, -0.010756095402604603, -0.050931610787486946, 0.03819404566971351, 0.015274456582445271, -0.06461041869811761, -0.031144016927162593, -0.03404348306784192, -0.0621138753727241, 0.004522937912145165, -0.0720594458083901, -0.04065298311163961, -0.05995552467752726, -0.06690277742203515]"
19,majority,2,0.009523809523809525,0.429037034920393,32,"[0. 0. 0. 0. 0. 0. 0. 0. 0. 0. 0. 0. 0. 0. 0. 0. 0. 0. 0. 1. 0. 0. 0. 0.
 0. 0. 0. 0. 0. 0. 0. 0. 0. 0. 0. 0. 0. 0. 0. 0. 0. 0. 0. 0. 0. 0. 0. 0.
 0. 0. 0. 0. 0. 0. 0. 0. 0. 0. 0. 0. 0. 0. 0. 0. 0. 0. 0. 0. 0. 0. 0. 0.
 0. 0. 0. 0. 0. 0. 0. 0. 0. 0. 0. 0. 0. 0. 0. 0. 0. 0.]","[0.013933032645924858, 0.04759248959670771, -0.06283368369302145, -0.06438954429525195, 0.019816710874664186, 0.06395759956480786, -0.06797057156773434, -0.0034988066047055024, 0.0638554892409063, 0.04723477537887991, 0.03981006849846053, -0.06271415847275745, 0.00480154791405531, -0.06960761064209928, -0.025924484204334606, 0.030535012905840302, -0.03577982498986915, 0.04482158646503321, -0.0023439114952523363, 0.025601790126620918, -0.07152050134185028, -0.026289340249930866, 0.03153727566149818, 0.0736301835697935]"
20,mass,2,0.009523809523809525,0.429037034920393,33,"[0. 0. 0. 0. 0. 0. 0. 0. 0. 0. 0. 0. 0. 0. 0. 0. 0. 0. 0. 0. 1. 0. 0. 0.
 0. 0. 0. 0. 0. 0. 0. 0. 0. 0. 0. 0. 0. 0. 0. 0. 0. 0. 0. 0. 0. 0. 0. 0.
 0. 0. 0. 0. 0. 0. 0. 0. 0. 0. 0. 0. 0. 0. 0. 0. 0. 0. 0. 0. 0. 0. 0. 0.
 0. 0. 0. 0. 0. 0. 0. 0. 0. 0. 0. 0. 0. 0. 0. 0. 0. 0.]","[0.015038546135827351, -0.030486766608767226, -0.024912604572582184, -0.03115189719468638, -0.04370591786524359, 0.018680617884540802, 0.033267967184197375, -0.05930504636713245, 0.0565378925695208, -0.027988338456292075, -0.07098277791944435, 0.056133906372013535, -0.0179256850716646, -0.05424133367356681, 0.0056641586804601785, 0.013429722088314902, -0.06843276166755559, 0.047428081469290166, 0.0785781016802129, 0.04961937737073226, -0.04735266855973087, -0.04957511818920236, 0.04861741025521385, -0.05094330216380746]"
21,mercury,2,0.009523809523809525,0.429037034920393,35,"[0. 0. 0. 0. 0. 0. 0. 0. 0. 0. 0. 0. 0. 0. 0. 0. 0. 0. 0. 0. 0. 1. 0. 0.
 0. 0. 0. 0. 0. 0. 0. 0. 0. 0. 0. 0. 0. 0. 0. 0. 0. 0. 0. 0. 0. 0. 0. 0.
 0. 0. 0. 0. 0. 0. 0. 0. 0. 0. 0. 0. 0. 0. 0. 0. 0. 0. 0. 0. 0. 0. 0. 0.
 0. 0. 0. 0. 0. 0. 0. 0. 0. 0. 0. 0. 0. 0. 0. 0. 0. 0.]","[0.01189133258076891, -0.01299888710402965, -0.065961727014132, -0.05617130848485455, -0.009872289020692301, 0.06850263808555457, -0.09258419603436119, -0.05908926062404181, 0.07625907610356188, -0.007451392944716289, -0.004233199031370911, -0.01780503727554201, 0.029276901191845263, -0.09386819512701179, -0.04629361082560723, 0.012606574186822539, -0.0066514775589266925, -0.025000765338316074, -0.0676674769866543, -0.08543066846286097, 0.029846814304822746, -0.02237788502670069, 0.024312225032680993, 0.07384706165412454]"
22,than,2,0.009523809523809525,0.429037034920393,36,"[0. 0. 0. 0. 0. 0. 0. 0. 0. 0. 0. 0. 0. 0. 0. 0. 0. 0. 0. 0. 0. 0. 1. 0.
 0. 0. 0. 0. 0. 0. 0. 0. 0. 0. 0. 0. 0. 0. 0. 0. 0. 0. 0. 0. 0. 0. 0. 0.
 0. 0. 0. 0. 0. 0. 0. 0. 0. 0. 0. 0. 0. 0. 0. 0. 0. 0. 0. 0. 0. 0. 0. 0.
 0. 0. 0. 0. 0. 0. 0. 0. 0. 0. 0. 0. 0. 0. 0. 0. 0. 0.]","[-0.03906247762032779, 0.07672530260447627, -0.07167484453971167, -0.01894686200660492, -0.023222351324228202, 0.0365040220828413, -0.06278164812133624, 0.05164712026272557, 0.011497817842724235, -0.04053923804717014, 0.04572197440062875, 0.060798772704105865, -0.056791272856037495, 0.06680673851485538, -0.020219226462266086, -0.012978436091751828, 0.05544321084995654, -0.020246367770182214, -0.070748620893595, -0.02987315786115578, 0.026404899103154116, 0.024615892121675004, -0.044503294478772416, 0.03224645143971729]"
23,with,2,0.009523809523809525,0.429037034920393,37,"[0. 0. 0. 0. 0. 0. 0. 0. 0. 0. 0. 0. 0. 0. 0. 0. 0. 0. 0. 0. 0. 0. 0. 1.
 0. 0. 0. 0. 0. 0. 0. 0. 0. 0. 0. 0. 0. 0. 0. 0. 0. 0. 0. 0. 0. 0. 0. 0.
 0. 0. 0. 0. 0. 0. 0. 0. 0. 0. 0. 0. 0. 0. 0. 0. 0. 0. 0. 0. 0. 0. 0. 0.
 0. 0. 0. 0. 0. 0. 0. 0. 0. 0. 0. 0. 0. 0. 0. 0. 0. 0.]","[-0.04443417096173229, -0.025768722742684907, 0.050192769868721954, 0.006636768093967101, 0.059408406665084686, 0.009136950499781518, 0.05405096747717572, -0.0631891910811421, -0.030925435240616268, -0.06741870547437787, 0.06814017055660247, -0.04865117366115682, -0.06683544265021502, -0.026471659708534837, -0.006436210325498868, 0.025233461902446006, -0.0819971043957505, 0.045999158018654465, 0.03164429411117071, 0.009892410699914613, -0.0647842441023526, -0.0464607629180858, 0.03284775207195882, -0.03344406677237411]"
24,4.6billion,1,0.004761904761904762,0.6682575694955839,38,"[0. 0. 0. 0. 0. 0. 0. 0. 0. 0. 0. 0. 0. 0. 0. 0. 0. 0. 0. 0. 0. 0. 0. 0.
 1. 0. 0. 0. 0. 0. 0. 0. 0. 0. 0. 0. 0. 0. 0. 0. 0. 0. 0. 0. 0. 0. 0. 0.
 0. 0. 0. 0. 0. 0. 0. 0. 0. 0. 0. 0. 0. 0. 0. 0. 0. 0. 0. 0. 0. 0. 0. 0.
 0. 0. 0. 0. 0. 0. 0. 0. 0. 0. 0. 0. 0. 0. 0. 0. 0. 0.]","[-0.06066966722443326, -0.026417700338610402, -0.011371100566589926, -0.050025276836310376, 0.03432565927595325, -0.027217146808648254, -0.07217831684939545, 0.026489908515190348, -0.007565164115524114, 0.023011233543688725, 0.07322729929701915, -0.07118209219278254, -0.03631421124084692, -0.05458682810155333, 0.03766474237026131, -0.05482660563369385, -0.08147293070605648, 0.02594187096317235, 0.03610592894483073, 0.03307462289920546, 0.034670938154368995, 0.03943153540319252, 0.022492960981484244, -0.05973625903718809]"
25,ago,1,0.004761904761904762,0.6682575694955839,39,"[0. 0. 0. 0. 0. 0. 0. 0. 0. 0. 0. 0. 0. 0. 0. 0. 0. 0. 0. 0. 0. 0. 0. 0.
 0. 1. 0. 0. 0. 0. 0. 0. 0. 0. 0. 0. 0. 0. 0. 0. 0. 0. 0. 0. 0. 0. 0. 0.
 0. 0. 0. 0. 0. 0. 0. 0. 0. 0. 0. 0. 0. 0. 0. 0. 0. 0. 0. 0. 0. 0. 0. 0.
 0. 0. 0. 0. 0. 0. 0. 0. 0. 0. 0. 0. 0. 0. 0. 0. 0. 0.]","[0.054092093206435946, 0.06047149468177731, 0.03378489635707707, -0.0031594379309305776, 0.04702070879837433, -0.05882431440213159, 0.03444289395346235, -0.019512195020595934, -0.06356037666886603, 0.023377949598288483, 0.018980479880744403, 0.04260618047690014, -0.0626645387549828, 0.06152486003561177, 0.012144452103695177, -0.0003258469652635876, -0.05631781251081689, -0.029843256387577597, 0.0513381478788817, -0.05352864788423237, -0.0673235201159181, 0.06155196206238345, -0.043013196056072976, 0.04059073826897935]"
26,all,1,0.004761904761904762,0.6682575694955839,40,"[0. 0. 0. 0. 0. 0. 0. 0. 0. 0. 0. 0. 0. 0. 0. 0. 0. 0. 0. 0. 0. 0. 0. 0.
 0. 0. 1. 0. 0. 0. 0. 0. 0. 0. 0. 0. 0. 0. 0. 0. 0. 0. 0. 0. 0. 0. 0. 0.
 0. 0. 0. 0. 0. 0. 0. 0. 0. 0. 0. 0. 0. 0. 0. 0. 0. 0. 0. 0. 0. 0. 0. 0.
 0. 0. 0. 0. 0. 0. 0. 0. 0. 0. 0. 0. 0. 0. 0. 0. 0. 0.]","[-0.02482379994116674, -0.036505668671600246, -0.07123820799684297, 0.013201802016772292, -0.0006066874882494245, -0.07418613804911323, -0.07551738912151784, 0.07784404243853658, 0.057464810831559736, -0.02384832562881227, 0.05806910812304182, 0.06828003624696709, -0.0032487113985899202, 0.07880351823007894, 0.0021294767369484167, -0.07089666398616815, -0.015926070100434866, 0.06814162426574355, 0.04161463641929566, 0.022277754386646042, -0.005473506977676117, -0.05575228498029579, -0.007984095629149628, 0.04616564033479282]"
27,almost,1,0.004761904761904762,0.6682575694955839,41,"[0. 0. 0. 0. 0. 0. 0. 0. 0. 0. 0. 0. 0. 0. 0. 0. 0. 0. 0. 0. 0. 0. 0. 0.
 0. 0. 0. 1. 0. 0. 0. 0. 0. 0. 0. 0. 0. 0. 0. 0. 0. 0. 0. 0. 0. 0. 0. 0.
 0. 0. 0. 0. 0. 0. 0. 0. 0. 0. 0. 0. 0. 0. 0. 0. 0. 0. 0. 0. 0. 0. 0. 0.
 0. 0. 0. 0. 0. 0. 0. 0. 0. 0. 0. 0. 0. 0. 0. 0. 0. 0.]","[-0.08190867356487204, 0.0001453424886042389, -0.04769449364895832, 0.06219799309215046, 0.07417610467819373, 0.013017034962045823, 0.06646710517008883, -0.021860849151386176, 0.0035606991856503827, 0.061128908751147217, -0.0348698251642003, 0.035515688277182364, 0.05862690565017878, -0.06828635480746512, 0.059318894438107436, -0.0629805585186807, 0.007499255999773473, 0.027472686603484404, 0.007994856409659391, -0.04719048526015467, -0.039471960714379785, 0.03469598697112575, -0.07160779557301862, -0.01231154091949201]"
28,bound,1,0.004761904761904762,0.6682575694955839,41,"[0. 0. 0. 0. 0. 0. 0. 0. 0. 0. 0. 0. 0. 0. 0. 0. 0. 0. 0. 0. 0. 0. 0. 0.
 0. 0. 0. 0. 1. 0. 0. 0. 0. 0. 0. 0. 0. 0. 0. 0. 0. 0. 0. 0. 0. 0. 0. 0.
 0. 0. 0. 0. 0. 0. 0. 0. 0. 0. 0. 0. 0. 0. 0. 0. 0. 0. 0. 0. 0. 0. 0. 0.
 0. 0. 0. 0. 0. 0. 0. 0. 0. 0. 0. 0. 0. 0. 0. 0. 0. 0.]","[0.0466598694357982, 0.06536168555074134, -0.008048220583780878, 0.039962386250351305, -0.07990234982803752, 0.07867009736170327, 0.025880197344301827, 0.057370274318737126, -0.06006264473940673, -0.020854101117383415, -0.05600326543087868, 0.03593494895830831, 0.003305383170141134, 0.030085052464616388, 0.03441738975096847, -0.03623330317261034, -0.04991939989278313, 0.028786215782107636, -0.0504782077297242, 0.022773626250191758, 0.07419678122380358, -0.048498356190318975, 0.038103431813125206, -0.008492811640180554]"
29,called,1,0.004761904761904762,0.6682575694955839,42,"[0. 0. 0. 0. 0. 0. 0. 0. 0. 0. 0. 0. 0. 0. 0. 0. 0. 0. 0. 0. 0. 0. 0. 0.
 0. 0. 0. 0. 0. 1. 0. 0. 0. 0. 0. 0. 0. 0. 0. 0. 0. 0. 0. 0. 0. 0. 0. 0.
 0. 0. 0. 0. 0. 0. 0. 0. 0. 0. 0. 0. 0. 0. 0. 0. 0. 0. 0. 0. 0. 0. 0. 0.
 0. 0. 0. 0. 0. 0. 0. 0. 0. 0. 0. 0. 0. 0. 0. 0. 0. 0.]","[-0.0017927451543033363, 0.08487449269748044, 0.0046127364591139605, 0.015692861825879433, 0.015985953521465018, 0.0389792524705474, 0.03205864505256886, 0.026482006430604423, 0.08919807560394225, 0.008111752613015801, -0.08957410264634048, 0.0055662358473727806, -0.05759488316550153, -0.09195880624231471, 0.04703503703583858, -0.05335735734258818, -0.003277984535641975, -0.057131917879410035, 0.03552380328233701, -0.05521896690957031, -0.04013630291085494, 0.046642449303047014, -0.09874468081899898, 0.0004489502512625469]"
30,circular,1,0.004761904761904762,0.6682575694955839,43,"[0. 0. 0. 0. 0. 0. 0. 0. 0. 0. 0. 0. 0. 0. 0. 0. 0. 0. 0. 0. 0. 0. 0. 0.
 0. 0. 0. 0. 0. 0. 1. 0. 0. 0. 0. 0. 0. 0. 0. 0. 0. 0. 0. 0. 0. 0. 0. 0.
 0. 0. 0. 0. 0. 0. 0. 0. 0. 0. 0. 0. 0. 0. 0. 0. 0. 0. 0. 0. 0. 0. 0. 0.
 0. 0. 0. 0. 0. 0. 0. 0. 0. 0. 0. 0. 0. 0. 0. 0. 0. 0.]","[-0.058623264303333096, -0.04876811248230936, -0.038228844408408756, -0.03338142907566229, -0.03174304573385489, 0.06370743891446382, -0.04770999357180952, 0.061367160333554875, 0.057298783817501454, -0.025011281775477186, -0.03914867227995022, -0.05504183481429996, -0.022887357079879603, 0.006782700185449425, 0.0507666742112793, -0.04580900833049623, 0.017462553148398938, -0.03449349506884995, 0.04374732215708118, -0.04143944448998678, 0.004819557369275293, 0.06150195230108375, -0.06687332596608637, 0.04338674818150778]"
31,cloud,1,0.004761904761904762,0.6682575694955839,44,"[0. 0. 0. 0. 0. 0. 0. 0. 0. 0. 0. 0. 0. 0. 0. 0. 0. 0. 0. 0. 0. 0. 0. 0.
 0. 0. 0. 0. 0. 0. 0. 1. 0. 0. 0. 0. 0. 0. 0. 0. 0. 0. 0. 0. 0. 0. 0. 0.
 0. 0. 0. 0. 0. 0. 0. 0. 0. 0. 0. 0. 0. 0. 0. 0. 0. 0. 0. 0. 0. 0. 0. 0.
 0. 0. 0. 0. 0. 0. 0. 0. 0. 0. 0. 0. 0. 0. 0. 0. 0. 0.]","[0.025261532058985497, -0.050436730214147685, 0.046755347339861766, 0.04864136662334673, 0.021423752385017755, -0.06366849691865711, 0.014156165780259805, -0.030752799210302283, 0.05973038831997402, 0.0699576218562088, 0.02646625589529244, 0.04398995489836508, 0.06087759856700683, -0.005869116192020742, -0.03367751742321813, -0.0434347953124681, 0.06815410364381705, -0.05865797662825809, 0.050601582553148707, -0.0323599816244957, 0.03480832180711622, -0.0656009861081393, -0.020847971932169553, -0.023869636707722585]"
32,collapse,1,0.004761904761904762,0.6682575694955839,45,"[0. 0. 0. 0. 0. 0. 0. 0. 0. 0. 0. 0. 0. 0. 0. 0. 0. 0. 0. 0. 0. 0. 0. 0.
 0. 0. 0. 0. 0. 0. 0. 0. 1. 0. 0. 0. 0. 0. 0. 0. 0. 0. 0. 0. 0. 0. 0. 0.
 0. 0. 0. 0. 0. 0. 0. 0. 0. 0. 0. 0. 0. 0. 0. 0. 0. 0. 0. 0. 0. 0. 0. 0.
 0. 0. 0. 0. 0. 0. 0. 0. 0. 0. 0. 0. 0. 0. 0. 0. 0. 0.]","[0.008876335610249267, 0.04387547041196124, -0.0029452917710849633, 0.06599737773713486, 0.05892744629424942, 0.04152634967891305, 0.02089411688623748, -0.06829351447168118, -0.02417466737345031, -0.027983682576850792, 0.07219952568615269, -0.06298707760302066, 0.08577207357714015, 0.02022135650243348, 0.053145806418003975, -0.046125535955288406, 0.003311585178143499, -0.024090694593485125, 0.09132383425381904, 0.006402448875408626, 0.0211176935631885, -0.0733497003566265, 0.04404337277008391, -0.03241504185539281]"
33,contained,1,0.004761904761904762,0.6682575694955839,45,"[0. 0. 0. 0. 0. 0. 0. 0. 0. 0. 0. 0. 0. 0. 0. 0. 0. 0. 0. 0. 0. 0. 0. 0.
 0. 0. 0. 0. 0. 0. 0. 0. 0. 1. 0. 0. 0. 0. 0. 0. 0. 0. 0. 0. 0. 0. 0. 0.
 0. 0. 0. 0. 0. 0. 0. 0. 0. 0. 0. 0. 0. 0. 0. 0. 0. 0. 0. 0. 0. 0. 0. 0.
 0. 0. 0. 0. 0. 0. 0. 0. 0. 0. 0. 0. 0. 0. 0. 0. 0. 0.]","[0.029793141859250787, 0.03606218472425864, -0.025003845876856928, 0.06311081976448839, -0.030182410936814247, -0.0790745561228795, -0.040761576423674784, -0.03112617297042835, 0.07550655466348707, -0.04901155635246798, -0.018400807066678748, -0.04549292521171644, 0.03909854234555613, 0.006177262647764367, -0.06115628690862907, -0.02029526512941995, 0.08400348670353239, 0.05123185599631614, -0.017760190946042597, 0.08678964141861847, -0.04753865574162598, -0.041240674188402535, -0.01694392392376723, 0.0042376620773231935]"
34,disc,1,0.004761904761904762,0.6682575694955839,46,"[0. 0. 0. 0. 0. 0. 0. 0. 0. 0. 0. 0. 0. 0. 0. 0. 0. 0. 0. 0. 0. 0. 0. 0.
 0. 0. 0. 0. 0. 0. 0. 0. 0. 0. 1. 0. 0. 0. 0. 0. 0. 0. 0. 0. 0. 0. 0. 0.
 0. 0. 0. 0. 0. 0. 0. 0. 0. 0. 0. 0. 0. 0. 0. 0. 0. 0. 0. 0. 0. 0. 0. 0.
 0. 0. 0. 0. 0. 0. 0. 0. 0. 0. 0. 0. 0. 0. 0. 0. 0. 0.]","[0.05127600673664196, -0.05316051798211951, 0.022539725383260472, 0.08150705434625412, 0.025141122755555415, -0.014185803898280537, -0.054486385322678736, 0.031650025843513015, -0.09185881000882413, -0.042982176324121185, -0.0650159830818341, -0.00919432259296927, 0.006663414879769073, -0.004501759584791449, 0.05732682799670385, 0.05395253521366675, 0.03813248170901376, 0.0930532303230461, 0.003720714361458549, 0.05198174418903246, 0.005789196607501301, 0.006933962041797723, 0.049362749788853445, -0.08558344902831308]"
35,earth,1,0.004761904761904762,0.6682575694955839,47,"[0. 0. 0. 0. 0. 0. 0. 0. 0. 0. 0. 0. 0. 0. 0. 0. 0. 0. 0. 0. 0. 0. 0. 0.
 0. 0. 0. 0. 0. 0. 0. 0. 0. 0. 0. 1. 0. 0. 0. 0. 0. 0. 0. 0. 0. 0. 0. 0.
 0. 0. 0. 0. 0. 0. 0. 0. 0. 0. 0. 0. 0. 0. 0. 0. 0. 0. 0. 0. 0. 0. 0. 0.
 0. 0. 0. 0. 0. 0. 0. 0. 0. 0. 0. 0. 0. 0. 0. 0. 0. 0.]","[0.015616185624837749, -0.010810419291005022, 0.036426775384465135, -0.03910171682042202, 0.08941834879898643, 0.03913134812156158, -0.0417129759481181, -0.051090585786290076, 0.047966846855045736, -0.08018901464534425, 0.008399540410929763, 0.0745700045787518, -0.00016947760363814334, 0.08635933542457076, -0.0014830243402013598, 0.06322681818310473, -0.03959631404108496, -0.028363417454861286, -0.06843560365935629, 0.033031233308419096, -0.06830723423059665, 0.03500110589023712, -0.019009468715635993, -0.02258320488253589]"
36,ecliptic,1,0.004761904761904762,0.6682575694955839,48,"[0. 0. 0. 0. 0. 0. 0. 0. 0. 0. 0. 0. 0. 0. 0. 0. 0. 0. 0. 0. 0. 0. 0. 0.
 0. 0. 0. 0. 0. 0. 0. 0. 0. 0. 0. 0. 1. 0. 0. 0. 0. 0. 0. 0. 0. 0. 0. 0.
 0. 0. 0. 0. 0. 0. 0. 0. 0. 0. 0. 0. 0. 0. 0. 0. 0. 0. 0. 0. 0. 0. 0. 0.
 0. 0. 0. 0. 0. 0. 0. 0. 0. 0. 0. 0. 0. 0. 0. 0. 0. 0.]","[0.040476969521008904, -0.01915958266740608, 0.037548061558774805, -0.03195071861252656, -0.020919684595327268, -0.007295091111692823, -0.009344914729695763, -0.0755305815728126, 0.06352146669070552, -0.06637774074807667, 0.016822857710513575, -0.07925266778068345, -0.04034916871703977, 0.010292506244558389, 0.08025621873668548, -0.014064026121576024, -0.024809568243672878, -0.05166406837148836, -0.036495617800027746, 0.05511979637398603, -0.07869548648921684, -0.027048150655045223, -0.04009896586450843, 0.0729060890829707]"
37,either,1,0.004761904761904762,0.6682575694955839,49,"[0. 0. 0. 0. 0. 0. 0. 0. 0. 0. 0. 0. 0. 0. 0. 0. 0. 0. 0. 0. 0. 0. 0. 0.
 0. 0. 0. 0. 0. 0. 0. 0. 0. 0. 0. 0. 0. 1. 0. 0. 0. 0. 0. 0. 0. 0. 0. 0.
 0. 0. 0. 0. 0. 0. 0. 0. 0. 0. 0. 0. 0. 0. 0. 0. 0. 0. 0. 0. 0. 0. 0. 0.
 0. 0. 0. 0. 0. 0. 0. 0. 0. 0. 0. 0. 0. 0. 0. 0. 0. 0.]","[0.011376990728551311, -0.003930788636411554, -0.05922632708505809, -0.01665983446159454, -0.06268188062649409, 0.036240291720614756, 0.04739962786209635, 0.06500691828816883, 0.05745983884899769, -0.0672665283090829, -0.06494160592796994, -0.05876709149945501, 0.050860230350235756, 0.061521235073557, 0.013510664029978787, 0.042968266682276296, 0.044293030030144155, -0.046710788182196566, -0.06197756239936582, -0.016769512333345983, 0.02863969308832068, -0.02006421936001823, -0.03106053775265835, -0.03066653672340731]"
38,flat,1,0.004761904761904762,0.6682575694955839,49,"[0. 0. 0. 0. 0. 0. 0. 0. 0. 0. 0. 0. 0. 0. 0. 0. 0. 0. 0. 0. 0. 0. 0. 0.
 0. 0. 0. 0. 0. 0. 0. 0. 0. 0. 0. 0. 0. 0. 1. 0. 0. 0. 0. 0. 0. 0. 0. 0.
 0. 0. 0. 0. 0. 0. 0. 0. 0. 0. 0. 0. 0. 0. 0. 0. 0. 0. 0. 0. 0. 0. 0. 0.
 0. 0. 0. 0. 0. 0. 0. 0. 0. 0. 0. 0. 0. 0. 0. 0. 0. 0.]","[-0.07071074031911324, -0.06847614640610954, 0.07742930811781043, 0.04307155963071254, -0.017896684074755358, -0.0008170772291865492, 0.075557926161781, -0.03125020327623422, 0.08241346376804781, -0.047410294673393034, 0.019613597157535738, -0.05082222543812861, 0.01837502444412428, 0.056402561591668995, -0.057342571368536016, 0.03754193010661405, -0.06837310736721718, 0.07359700363146687, -0.011940965389554865, -0.00270253305965768, 0.006244488548971091, 0.0015306455502507872, -0.017231524981373484, 0.06324841770775667]"
39,formed,1,0.004761904761904762,0.6682575694955839,50,"[0. 0. 0. 0. 0. 0. 0. 0. 0. 0. 0. 0. 0. 0. 0. 0. 0. 0. 0. 0. 0. 0. 0. 0.
 0. 0. 0. 0. 0. 0. 0. 0. 0. 0. 0. 0. 0. 0. 0. 1. 0. 0. 0. 0. 0. 0. 0. 0.
 0. 0. 0. 0. 0. 0. 0. 0. 0. 0. 0. 0. 0. 0. 0. 0. 0. 0. 0. 0. 0. 0. 0. 0.
 0. 0. 0. 0. 0. 0. 0. 0. 0. 0. 0. 0. 0. 0. 0. 0. 0. 0.]","[-0.049314721516533204, 0.040947073213734565, 0.03518163173570765, -0.010676867524457007, -0.06474655521196801, 0.0056712035102627085, -0.010462363506875719, -0.03033572267981316, 0.013487031106260162, 0.061027818770338686, 0.04543657510765306, 0.06321265131630956, 0.08829880023358896, 0.007200807146735598, 0.0010224735151425463, -0.00024179086277385895, -0.0620698221987404, -0.08298093264069056, 0.05765075318417747, 0.08695313976745636, 0.0039028712511921097, 0.0798482544675915, 0.07535287847536319, 0.02397726105663408]"
40,from,1,0.004761904761904762,0.6682575694955839,51,"[0. 0. 0. 0. 0. 0. 0. 0. 0. 0. 0. 0. 0. 0. 0. 0. 0. 0. 0. 0. 0. 0. 0. 0.
 0. 0. 0. 0. 0. 0. 0. 0. 0. 0. 0. 0. 0. 0. 0. 0. 1. 0. 0. 0. 0. 0. 0. 0.
 0. 0. 0. 0. 0. 0. 0. 0. 0. 0. 0. 0. 0. 0. 0. 0. 0. 0. 0. 0. 0. 0. 0. 0.
 0. 0. 0. 0. 0. 0. 0. 0. 0. 0. 0. 0. 0. 0. 0. 0. 0. 0.]","[0.011691608645081532, -0.06462572815952225, 0.02092632048443039, 0.015267434946241769, 0.05159949350523628, -0.023055482164922907, -0.026052832473383553, 0.04036563458588676, -0.06106630388734221, -0.06985906459649824, -0.05927234849033977, 0.04194618106657166, 0.0366219658813404, -0.03392895443470519, -0.0522171305389707, -0.0430760017276752, 0.054392279811104, -0.004243465530766709, -0.041823570591224865, 0.06185313106671852, -0.009076849939455341, -0.06386081349852192, -0.04742717778848007, 0.0657502261855799]"
41,gas,1,0.004761904761904762,0.6682575694955839,52,"[0. 0. 0. 0. 0. 0. 0. 0. 0. 0. 0. 0. 0. 0. 0. 0. 0. 0. 0. 0. 0. 0. 0. 0.
 0. 0. 0. 0. 0. 0. 0. 0. 0. 0. 0. 0. 0. 0. 0. 0. 0. 1. 0. 0. 0. 0. 0. 0.
 0. 0. 0. 0. 0. 0. 0. 0. 0. 0. 0. 0. 0. 0. 0. 0. 0. 0. 0. 0. 0. 0. 0. 0.
 0. 0. 0. 0. 0. 0. 0. 0. 0. 0. 0. 0. 0. 0. 0. 0. 0. 0.]","[-0.05276968728367767, -0.014903236662585946, 0.04639668754463123, -0.023238587255810333, -0.05183860613807093, -0.019091777524287232, 0.022793862539923465, -0.061357003787999784, 0.03675516102909937, -0.004991568937206744, -0.05120528905133387, 0.010484622859010603, -0.06254781118482007, 0.02610082720587736, 0.05789238068460037, 0.04828550143436546, 0.04195641921526067, -0.07625950310735832, 0.02977829673123818, -0.015667264584432752, -0.03297263024571035, -0.06669521930995309, -0.0723578779460552, 0.07366017773669106]"
42,gravitational,1,0.004761904761904762,0.6682575694955839,52,"[0. 0. 0. 0. 0. 0. 0. 0. 0. 0. 0. 0. 0. 0. 0. 0. 0. 0. 0. 0. 0. 0. 0. 0.
 0. 0. 0. 0. 0. 0. 0. 0. 0. 0. 0. 0. 0. 0. 0. 0. 0. 0. 1. 0. 0. 0. 0. 0.
 0. 0. 0. 0. 0. 0. 0. 0. 0. 0. 0. 0. 0. 0. 0. 0. 0. 0. 0. 0. 0. 0. 0. 0.
 0. 0. 0. 0. 0. 0. 0. 0. 0. 0. 0. 0. 0. 0. 0. 0. 0. 0.]","[0.058098942105045265, 0.08476556096849247, 0.00415294778868737, -0.01156863108873016, 0.03506757539012882, -0.03372450274889545, 0.023466572501863504, -0.05797081050143105, 0.08952526941194121, -0.04152816493340112, 0.039050964328611874, -0.016695567992301787, -0.002064902776284869, 0.015380480896908211, -0.009796638898787149, 0.016865269197112388, -0.05432389111614231, 0.05598057537882349, 0.09306496129820262, -0.0734888795426533, 0.04153874760465994, -0.01993351128080051, -0.054610524457759456, -0.06733610779233569]"
43,gravitationally,1,0.004761904761904762,0.6682575694955839,53,"[0. 0. 0. 0. 0. 0. 0. 0. 0. 0. 0. 0. 0. 0. 0. 0. 0. 0. 0. 0. 0. 0. 0. 0.
 0. 0. 0. 0. 0. 0. 0. 0. 0. 0. 0. 0. 0. 0. 0. 0. 0. 0. 0. 1. 0. 0. 0. 0.
 0. 0. 0. 0. 0. 0. 0. 0. 0. 0. 0. 0. 0. 0. 0. 0. 0. 0. 0. 0. 0. 0. 0. 0.
 0. 0. 0. 0. 0. 0. 0. 0. 0. 0. 0. 0. 0. 0. 0. 0. 0. 0.]","[0.07230003843405103, 0.05551768304450458, 0.03155567177875062, 0.0434894191678942, 0.012563828988000493, 0.025307661602446286, 0.04884971972995823, 0.048522150547329244, 0.05239139386009097, -0.05347241131741044, 0.032571113939909545, 0.07370497158118477, -0.07111042951122323, 0.012860439624569044, 0.05778303453909846, -0.03514312630998453, -0.034978001539081344, -0.013137230198918716, 0.042138905805535, 0.05602905917772074, -0.00386605513276935, -0.05580903743494479, -0.01741276742643663, 0.04948584930818779]"
44,have,1,0.004761904761904762,0.6682575694955839,54,"[0. 0. 0. 0. 0. 0. 0. 0. 0. 0. 0. 0. 0. 0. 0. 0. 0. 0. 0. 0. 0. 0. 0. 0.
 0. 0. 0. 0. 0. 0. 0. 0. 0. 0. 0. 0. 0. 0. 0. 0. 0. 0. 0. 0. 1. 0. 0. 0.
 0. 0. 0. 0. 0. 0. 0. 0. 0. 0. 0. 0. 0. 0. 0. 0. 0. 0. 0. 0. 0. 0. 0. 0.
 0. 0. 0. 0. 0. 0. 0. 0. 0. 0. 0. 0. 0. 0. 0. 0. 0. 0.]","[0.03682862295485109, -0.057739230571011144, -0.018907957974479646, -0.008033535620329697, 0.041128546114118, -0.01354017240290393, 0.038105056129284956, 0.04983730801297427, 0.051540836432746796, 0.06329972255919543, -0.0637737182421474, 0.07046343418512667, 0.07432189551694711, -0.01652505477910249, 0.029580804681052807, -0.00644358753949245, 0.05852220980859335, 0.017215998226704318, 0.06129277072039137, 0.07324548978679837, 0.02824075290232173, -0.013626408194354275, -0.053294233466564964, -0.05449265317850771]"
45,helium,1,0.004761904761904762,0.6682575694955839,55,"[0. 0. 0. 0. 0. 0. 0. 0. 0. 0. 0. 0. 0. 0. 0. 0. 0. 0. 0. 0. 0. 0. 0. 0.
 0. 0. 0. 0. 0. 0. 0. 0. 0. 0. 0. 0. 0. 0. 0. 0. 0. 0. 0. 0. 0. 1. 0. 0.
 0. 0. 0. 0. 0. 0. 0. 0. 0. 0. 0. 0. 0. 0. 0. 0. 0. 0. 0. 0. 0. 0. 0. 0.
 0. 0. 0. 0. 0. 0. 0. 0. 0. 0. 0. 0. 0. 0. 0. 0. 0. 0.]","[-0.05583908202143109, -0.005431865714280475, -0.029528243100307904, -0.043645171082023364, -0.06958947405376478, 0.05305974419347656, -0.06691215324435754, 0.04108969988729408, -0.07157036083195326, -0.07052486773616445, -0.028238209405075338, 0.06667673939502133, -0.03280707244638757, -0.03661269220322046, -0.0014524506580757069, 0.07052614826366349, -0.006250119931542779, 0.04207288060609471, 0.05031313790138871, -0.0351749758900232, -0.020196287636529624, 0.03164086273773017, -0.050105876519968964, 0.020741884540224406]"
46,high,1,0.004761904761904762,0.6682575694955839,56,"[0. 0. 0. 0. 0. 0. 0. 0. 0. 0. 0. 0. 0. 0. 0. 0. 0. 0. 0. 0. 0. 0. 0. 0.
 0. 0. 0. 0. 0. 0. 0. 0. 0. 0. 0. 0. 0. 0. 0. 0. 0. 0. 0. 0. 0. 0. 1. 0.
 0. 0. 0. 0. 0. 0. 0. 0. 0. 0. 0. 0. 0. 0. 0. 0. 0. 0. 0. 0. 0. 0. 0. 0.
 0. 0. 0. 0. 0. 0. 0. 0. 0. 0. 0. 0. 0. 0. 0. 0. 0. 0.]","[0.038752356109451505, -0.022077089740809627, -0.07635175459774476, 0.04425854883887127, -0.006296675911231953, 0.01422874657379271, -0.06937590875098072, 0.025011097331571856, 0.028662664799047298, -0.07574538044312422, -0.019970945537954466, -0.06495203264050002, 0.0668640564744356, -0.06408164651775106, 0.06716711235726451, 0.024938319593315283, -0.05301463144177051, -0.0027994358203971216, 0.03313004827019845, -0.013204165387811126, 0.08337268220752099, -0.042273336295732676, 0.04839743059164862, -0.015073933767073692]"
47,hydrogen,1,0.004761904761904762,0.6682575694955839,56,"[0. 0. 0. 0. 0. 0. 0. 0. 0. 0. 0. 0. 0. 0. 0. 0. 0. 0. 0. 0. 0. 0. 0. 0.
 0. 0. 0. 0. 0. 0. 0. 0. 0. 0. 0. 0. 0. 0. 0. 0. 0. 0. 0. 0. 0. 0. 0. 1.
 0. 0. 0. 0. 0. 0. 0. 0. 0. 0. 0. 0. 0. 0. 0. 0. 0. 0. 0. 0. 0. 0. 0. 0.
 0. 0. 0. 0. 0. 0. 0. 0. 0. 0. 0. 0. 0. 0. 0. 0. 0. 0.]","[0.04113082954689635, -0.0156972454768046, 0.06709983726075912, -0.0025441813270816183, 0.011250720632167026, 0.038197637320496025, 0.04485579226654128, -0.07775387850981742, -0.01757734274710905, -0.021322138686807456, -0.044790469678362706, 0.07299182619416651, -0.019530278404248407, 0.0733291427768841, -0.005112653113959184, 0.04405865020628472, 0.07740124098338655, -0.00788025061001707, 0.08136401082743781, 0.05786102674468033, -0.0685632095290427, 0.047690674733795124, -0.026597703704140746, 0.03539925871911403]"
48,ice,1,0.004761904761904762,0.6682575694955839,57,"[0. 0. 0. 0. 0. 0. 0. 0. 0. 0. 0. 0. 0. 0. 0. 0. 0. 0. 0. 0. 0. 0. 0. 0.
 0. 0. 0. 0. 0. 0. 0. 0. 0. 0. 0. 0. 0. 0. 0. 0. 0. 0. 0. 0. 0. 0. 0. 0.
 1. 0. 0. 0. 0. 0. 0. 0. 0. 0. 0. 0. 0. 0. 0. 0. 0. 0. 0. 0. 0. 0. 0. 0.
 0. 0. 0. 0. 0. 0. 0. 0. 0. 0. 0. 0. 0. 0. 0. 0. 0. 0.]","[-0.04434640568456308, -0.05396901494745853, -0.032010459172627355, -0.05237716971455251, 0.0573777468631427, 0.008587386676315532, 0.06660773635664101, 0.06111763016889706, 0.013204806233640275, 0.062102267383982564, 0.055613411992203335, -0.008995406294690244, 0.031144144278706862, -0.0555780767850759, -0.05004696712387467, -0.0529285835951471, 0.05665660356609978, 0.0591210860591507, -0.033537684498233696, -0.0141717248866627, -0.026127820285365873, -0.03159907802824884, 0.01180039335135821, 0.0609783960533616]"
49,inner,1,0.004761904761904762,0.6682575694955839,58,"[0. 0. 0. 0. 0. 0. 0. 0. 0. 0. 0. 0. 0. 0. 0. 0. 0. 0. 0. 0. 0. 0. 0. 0.
 0. 0. 0. 0. 0. 0. 0. 0. 0. 0. 0. 0. 0. 0. 0. 0. 0. 0. 0. 0. 0. 0. 0. 0.
 0. 1. 0. 0. 0. 0. 0. 0. 0. 0. 0. 0. 0. 0. 0. 0. 0. 0. 0. 0. 0. 0. 0. 0.
 0. 0. 0. 0. 0. 0. 0. 0. 0. 0. 0. 0. 0. 0. 0. 0. 0. 0.]","[-0.03884367627911944, 0.07716494267308058, 0.0007720503069562643, 0.013743640207142742, -0.02260745214537345, -0.04510607665263515, -0.059897965523363655, 0.07262221013088727, -0.02791348207484065, -0.04607290670734734, -0.011694615320360719, -0.0673475802699534, 0.04289438825768613, -0.07006573238795688, -0.04716263328013641, -0.07366803437312347, 0.03525818339707999, -0.019332773220572027, 0.07260187524815954, 0.04273601982816238, 0.05420852160595673, 0.006885199541116133, -0.03864969380324338, -0.012750346765746231]"
50,interstellar,1,0.004761904761904762,0.6682575694955839,59,"[0. 0. 0. 0. 0. 0. 0. 0. 0. 0. 0. 0. 0. 0. 0. 0. 0. 0. 0. 0. 0. 0. 0. 0.
 0. 0. 0. 0. 0. 0. 0. 0. 0. 0. 0. 0. 0. 0. 0. 0. 0. 0. 0. 0. 0. 0. 0. 0.
 0. 0. 1. 0. 0. 0. 0. 0. 0. 0. 0. 0. 0. 0. 0. 0. 0. 0. 0. 0. 0. 0. 0. 0.
 0. 0. 0. 0. 0. 0. 0. 0. 0. 0. 0. 0. 0. 0. 0. 0. 0. 0.]","[-0.01248132792566203, 0.05986162986779605, 0.0008501162319370849, 0.05934073573464284, 0.006550037149704219, 0.02788720012987187, -0.015091336044900889, -0.05559646913754728, 0.04982862100548844, -0.061584242176252545, -0.045787391956464585, -0.008962311809816914, 0.0718369612675413, 0.0668079225689488, -0.0667492574073773, -0.054416699695601325, -0.017020134773635263, -0.03935784931545231, 0.0205099515966931, -0.010165310150840321, 0.06932973646287796, -0.0627688109445088, -0.07077302879681642, -0.04644291784962233]"
51,it,1,0.004761904761904762,0.6682575694955839,60,"[0. 0. 0. 0. 0. 0. 0. 0. 0. 0. 0. 0. 0. 0. 0. 0. 0. 0. 0. 0. 0. 0. 0. 0.
 0. 0. 0. 0. 0. 0. 0. 0. 0. 0. 0. 0. 0. 0. 0. 0. 0. 0. 0. 0. 0. 0. 0. 0.
 0. 0. 0. 1. 0. 0. 0. 0. 0. 0. 0. 0. 0. 0. 0. 0. 0. 0. 0. 0. 0. 0. 0. 0.
 0. 0. 0. 0. 0. 0. 0. 0. 0. 0. 0. 0. 0. 0. 0. 0. 0. 0.]","[-0.04217300183756082, 0.043670834414498386, 0.0032664675268601665, 0.05956112454923168, 0.05120922655853871, 0.0022125483800003553, 0.06343055397975071, -0.07195700713626, 0.03508025221565181, -0.01966089763814912, 0.05526060143026349, -0.011676601523420706, 0.07968572414977386, 0.0716515417129604, 0.00859898518977392, -0.030331805866894622, -0.06432344351660224, -0.02633108184151676, 0.053666795699327745, 0.039983031394069814, 0.036822728125969206, 0.004998862320373535, 0.06396021148271329, 0.060486671509838684]"
52,larger,1,0.004761904761904762,0.6682575694955839,60,"[0. 0. 0. 0. 0. 0. 0. 0. 0. 0. 0. 0. 0. 0. 0. 0. 0. 0. 0. 0. 0. 0. 0. 0.
 0. 0. 0. 0. 0. 0. 0. 0. 0. 0. 0. 0. 0. 0. 0. 0. 0. 0. 0. 0. 0. 0. 0. 0.
 0. 0. 0. 0. 1. 0. 0. 0. 0. 0. 0. 0. 0. 0. 0. 0. 0. 0. 0. 0. 0. 0. 0. 0.
 0. 0. 0. 0. 0. 0. 0. 0. 0. 0. 0. 0. 0. 0. 0. 0. 0. 0.]","[0.0024842913401043327, 0.06492893496689532, -0.07499501260219239, -0.05378077188239287, 0.019364017416267636, 0.04980760260086077, 0.06880954098275835, 0.03966481331367831, -0.011125813578459204, 0.05394516595563053, 0.05530482700654361, -0.01759730603443407, 0.026195704755983002, -0.06628313528781705, 0.05594221062770894, 0.03237348130207331, -0.02723646567729048, -0.05296129427649135, 0.007423682942351536, 0.025121427890066498, 0.0015615812658803883, 0.07493219423307299, 0.06115823052659742, 0.05700249353444978]"
53,lie,1,0.004761904761904762,0.6682575694955839,61,"[0. 0. 0. 0. 0. 0. 0. 0. 0. 0. 0. 0. 0. 0. 0. 0. 0. 0. 0. 0. 0. 0. 0. 0.
 0. 0. 0. 0. 0. 0. 0. 0. 0. 0. 0. 0. 0. 0. 0. 0. 0. 0. 0. 0. 0. 0. 0. 0.
 0. 0. 0. 0. 0. 1. 0. 0. 0. 0. 0. 0. 0. 0. 0. 0. 0. 0. 0. 0. 0. 0. 0. 0.
 0. 0. 0. 0. 0. 0. 0. 0. 0. 0. 0. 0. 0. 0. 0. 0. 0. 0.]","[0.033510864192513284, 0.07001175057533687, -0.008813508633961145, 0.07073103566957725, 0.07146165006567418, 0.025410479007236055, -0.013013732630637896, -0.026334191456993644, 0.03713656025927431, 0.03699674950600695, -0.06095398072855714, -0.008018263022136983, -0.004194307440426642, -0.0701614413541954, -0.05310658681315354, 0.06433622915167757, -0.029728490279363112, 0.07659502604650059, 0.016495410553524686, -0.07463915950006317, -0.032909840703177526, -0.06346526744060745, -0.015868103113402213, 0.03610737185600245]"
54,like,1,0.004761904761904762,0.6682575694955839,62,"[0. 0. 0. 0. 0. 0. 0. 0. 0. 0. 0. 0. 0. 0. 0. 0. 0. 0. 0. 0. 0. 0. 0. 0.
 0. 0. 0. 0. 0. 0. 0. 0. 0. 0. 0. 0. 0. 0. 0. 0. 0. 0. 0. 0. 0. 0. 0. 0.
 0. 0. 0. 0. 0. 0. 1. 0. 0. 0. 0. 0. 0. 0. 0. 0. 0. 0. 0. 0. 0. 0. 0. 0.
 0. 0. 0. 0. 0. 0. 0. 0. 0. 0. 0. 0. 0. 0. 0. 0. 0. 0.]","[0.035413863431143736, -0.048947284337759744, 0.009552752194602582, 0.08023650354366878, 0.07327588131555804, -0.060841148177325464, 0.07320013086723018, -0.07247059234660684, 0.02030886461086685, -0.06330132595335207, 0.02013344495616516, -0.0033122237653400014, 0.05664076070463181, -0.0022630104583556904, -0.028524513458470936, -0.04881870396747272, 0.04031280630197184, -0.00034490037141959585, 0.039940674457640504, -0.0018624663567605245, -0.04872364711807464, 0.03817589067030856, 0.08082541407509868, -0.05257319656017508]"
55,mainly,1,0.004761904761904762,0.6682575694955839,63,"[0. 0. 0. 0. 0. 0. 0. 0. 0. 0. 0. 0. 0. 0. 0. 0. 0. 0. 0. 0. 0. 0. 0. 0.
 0. 0. 0. 0. 0. 0. 0. 0. 0. 0. 0. 0. 0. 0. 0. 0. 0. 0. 0. 0. 0. 0. 0. 0.
 0. 0. 0. 0. 0. 0. 0. 1. 0. 0. 0. 0. 0. 0. 0. 0. 0. 0. 0. 0. 0. 0. 0. 0.
 0. 0. 0. 0. 0. 0. 0. 0. 0. 0. 0. 0. 0. 0. 0. 0. 0. 0.]","[0.013068060512883726, -0.018485271836384466, -0.07153814387360247, -0.062338203887517984, 0.0649001383827341, 0.019358511761233023, 0.03331327827071736, 0.04242854301351926, -0.026828756414467407, 0.0004199746623353864, -0.00997870056809308, 0.05597979483858886, -0.06250666417211281, -0.06641641429458335, 0.008952364810409827, 0.07118805049315413, -0.03898953286000443, 0.06631879949164987, 0.06023989242811255, -0.06353923082851824, 0.018043354301749963, 0.07847594496260342, -0.033833057892734275, 0.012859315442290003]"
56,mars,1,0.004761904761904762,0.6682575694955839,64,"[0. 0. 0. 0. 0. 0. 0. 0. 0. 0. 0. 0. 0. 0. 0. 0. 0. 0. 0. 0. 0. 0. 0. 0.
 0. 0. 0. 0. 0. 0. 0. 0. 0. 0. 0. 0. 0. 0. 0. 0. 0. 0. 0. 0. 0. 0. 0. 0.
 0. 0. 0. 0. 0. 0. 0. 0. 1. 0. 0. 0. 0. 0. 0. 0. 0. 0. 0. 0. 0. 0. 0. 0.
 0. 0. 0. 0. 0. 0. 0. 0. 0. 0. 0. 0. 0. 0. 0. 0. 0. 0.]","[0.06699597781462686, -0.042544473129621806, -0.0022578996302697113, -0.02661109604186833, -0.06022445339424197, 0.05413225123282324, -0.035704322156999674, 0.03804615705862781, -0.02743765465477741, 0.04113277646768814, -0.020202130111826897, 0.05608944906646518, 0.0598999125750181, 0.0426811027536009, 0.06730631767620739, 0.06824836433092966, -0.026649149282838947, 0.043423952393391585, 0.029545664988741487, 0.05466091267818972, -0.054631388427438046, -0.016326150267982682, 0.005479110782529775, 0.05976933308329457]"
57,massive,1,0.004761904761904762,0.6682575694955839,64,"[0. 0. 0. 0. 0. 0. 0. 0. 0. 0. 0. 0. 0. 0. 0. 0. 0. 0. 0. 0. 0. 0. 0. 0.
 0. 0. 0. 0. 0. 0. 0. 0. 0. 0. 0. 0. 0. 0. 0. 0. 0. 0. 0. 0. 0. 0. 0. 0.
 0. 0. 0. 0. 0. 0. 0. 0. 0. 1. 0. 0. 0. 0. 0. 0. 0. 0. 0. 0. 0. 0. 0. 0.
 0. 0. 0. 0. 0. 0. 0. 0. 0. 0. 0. 0. 0. 0. 0. 0. 0. 0.]","[0.005976866152641868, -0.0546734086893636, 0.0709732677556821, -0.05457668337291205, 0.07141389075684282, -0.05828374062892277, -0.054547003721960086, 0.04435166208932247, -0.05450149725078071, -0.054278789486830174, -0.02708475253302933, -0.06603631141686168, 0.04840396039837816, 0.006505759093266208, 0.037141857188216075, -0.033351985657116265, 0.02359050556161844, -0.017343427235760885, -0.024618552201631463, 0.04026642244587973, -0.029043510507181694, -0.024480892054388987, -0.06295910415337805, -0.03559614964803435]"
58,melting,1,0.004761904761904762,0.6682575694955839,65,"[0. 0. 0. 0. 0. 0. 0. 0. 0. 0. 0. 0. 0. 0. 0. 0. 0. 0. 0. 0. 0. 0. 0. 0.
 0. 0. 0. 0. 0. 0. 0. 0. 0. 0. 0. 0. 0. 0. 0. 0. 0. 0. 0. 0. 0. 0. 0. 0.
 0. 0. 0. 0. 0. 0. 0. 0. 0. 0. 1. 0. 0. 0. 0. 0. 0. 0. 0. 0. 0. 0. 0. 0.
 0. 0. 0. 0. 0. 0. 0. 0. 0. 0. 0. 0. 0. 0. 0. 0. 0. 0.]","[0.007560122569068079, -0.07025223724726576, -0.005372704427119296, 0.006608417926236942, -0.009589521083116132, 0.0038055539105058805, -0.017974254329811194, -0.07382913024650499, 0.07973057886213554, -0.0026787621273244642, 0.07676895672531193, -0.02763978085886566, -0.07907864816447677, 0.013478646785917562, -0.06763327701217461, 0.057903848927980436, 0.0265242518185235, 0.04262109923317957, -0.07636755113992545, -0.03953949071888474, 0.046806378828437196, 0.051830785968368674, 0.04080950084708174, 0.0755965002417838]"
59,metal,1,0.004761904761904762,0.6682575694955839,66,"[0. 0. 0. 0. 0. 0. 0. 0. 0. 0. 0. 0. 0. 0. 0. 0. 0. 0. 0. 0. 0. 0. 0. 0.
 0. 0. 0. 0. 0. 0. 0. 0. 0. 0. 0. 0. 0. 0. 0. 0. 0. 0. 0. 0. 0. 0. 0. 0.
 0. 0. 0. 0. 0. 0. 0. 0. 0. 0. 0. 1. 0. 0. 0. 0. 0. 0. 0. 0. 0. 0. 0. 0.
 0. 0. 0. 0. 0. 0. 0. 0. 0. 0. 0. 0. 0. 0. 0. 0. 0. 0.]","[-0.07796579435763239, -0.07997480927558849, -0.042185886678118595, 0.06296688593197217, -0.034777904051340874, -0.014678344797735788, 0.03660419044707862, 0.019260813389059155, 0.05477749875891257, -0.009513461095608236, -0.023387449759464756, -0.009850496675931266, 0.0525521258816989, -0.01742440211049109, -0.06813325948125662, -0.012546658636041971, 0.07118810321164577, -0.05063570039150416, 0.034020382713446554, -0.03953930754221332, 0.07247734687145821, 0.025528652853011827, -0.04809324608788938, -0.041917279000899345]"
60,molecular,1,0.004761904761904762,0.6682575694955839,67,"[0. 0. 0. 0. 0. 0. 0. 0. 0. 0. 0. 0. 0. 0. 0. 0. 0. 0. 0. 0. 0. 0. 0. 0.
 0. 0. 0. 0. 0. 0. 0. 0. 0. 0. 0. 0. 0. 0. 0. 0. 0. 0. 0. 0. 0. 0. 0. 0.
 0. 0. 0. 0. 0. 0. 0. 0. 0. 0. 0. 0. 1. 0. 0. 0. 0. 0. 0. 0. 0. 0. 0. 0.
 0. 0. 0. 0. 0. 0. 0. 0. 0. 0. 0. 0. 0. 0. 0. 0. 0. 0.]","[0.02596298099776305, -0.0018958117773654765, 0.006034483492723339, 0.04651391421471868, -0.03359535585468021, 0.0678688232288984, 0.04580028851924244, 0.05839672093309033, 0.02548997663355434, -0.02718088815599973, -0.07718257263048361, -0.050289429189746264, -0.04771516544316227, 0.07729543728174548, -0.04691939399812894, 0.08541754791261738, -0.046925380856157405, -0.01964496210217097, -0.0115555142836314, 0.02821459455434275, 0.06613161028556519, -0.04904816097722937, 0.03346137899113086, 0.021459607685852054]"
61,moons,1,0.004761904761904762,0.6682575694955839,68,"[0. 0. 0. 0. 0. 0. 0. 0. 0. 0. 0. 0. 0. 0. 0. 0. 0. 0. 0. 0. 0. 0. 0. 0.
 0. 0. 0. 0. 0. 0. 0. 0. 0. 0. 0. 0. 0. 0. 0. 0. 0. 0. 0. 0. 0. 0. 0. 0.
 0. 0. 0. 0. 0. 0. 0. 0. 0. 0. 0. 0. 0. 1. 0. 0. 0. 0. 0. 0. 0. 0. 0. 0.
 0. 0. 0. 0. 0. 0. 0. 0. 0. 0. 0. 0. 0. 0. 0. 0. 0. 0.]","[-0.06052574841359976, -0.06341108782224139, -0.06169382131103094, 0.006058205634657922, -0.053564135617782394, 0.037580489860198234, -0.06212098744551495, 0.021362309472346724, 0.06111346779880965, -0.05911561160171607, -0.06416112596253984, -0.061958626508758885, 0.031911537295885264, 0.008400870600612342, -0.03712944348106524, 0.06537696196648764, 0.04367174053488593, -0.005362642775088502, -0.028916484370024705, -0.001836450913742055, 0.04530535455718288, 0.009615278418935426, 0.0567132880228391, 0.05309432961405429]"
62,more,1,0.004761904761904762,0.6682575694955839,68,"[0. 0. 0. 0. 0. 0. 0. 0. 0. 0. 0. 0. 0. 0. 0. 0. 0. 0. 0. 0. 0. 0. 0. 0.
 0. 0. 0. 0. 0. 0. 0. 0. 0. 0. 0. 0. 0. 0. 0. 0. 0. 0. 0. 0. 0. 0. 0. 0.
 0. 0. 0. 0. 0. 0. 0. 0. 0. 0. 0. 0. 0. 0. 1. 0. 0. 0. 0. 0. 0. 0. 0. 0.
 0. 0. 0. 0. 0. 0. 0. 0. 0. 0. 0. 0. 0. 0. 0. 0. 0. 0.]","[0.03384102271128456, -0.02205808004538036, -0.07982981374615981, 0.047901994841901184, -0.04132018187616159, 0.023821002000281248, 0.056643880797133166, -0.021786596029206688, 0.06268120380253334, 0.08433437097410744, 0.08237454520763339, 0.025273051945174384, 0.012324776882945344, 0.031772816090934526, 0.04072076672486022, -0.001998197480481464, 0.04629995958142267, -0.06365570597969117, -0.011681970064049994, 0.07051972490356986, 0.02547464025005146, -0.009965715267099582, 0.07818774506849717, 0.025532237729439262]"
63,mostly,1,0.004761904761904762,0.6682575694955839,69,"[0. 0. 0. 0. 0. 0. 0. 0. 0. 0. 0. 0. 0. 0. 0. 0. 0. 0. 0. 0. 0. 0. 0. 0.
 0. 0. 0. 0. 0. 0. 0. 0. 0. 0. 0. 0. 0. 0. 0. 0. 0. 0. 0. 0. 0. 0. 0. 0.
 0. 0. 0. 0. 0. 0. 0. 0. 0. 0. 0. 0. 0. 0. 0. 1. 0. 0. 0. 0. 0. 0. 0. 0.
 0. 0. 0. 0. 0. 0. 0. 0. 0. 0. 0. 0. 0. 0. 0. 0. 0. 0.]","[-0.04861033007363408, -0.07791568439561633, 0.04751222169349972, 0.026536821504152656, 0.048570459939095686, -0.03344901136167812, 0.012865324005108682, 0.07056732837127312, -0.04499599456827004, -0.04313133887126841, -0.0515108953645241, 0.0035364557635367676, 0.0045468176238447015, -0.026521423924497464, 0.04890356549090827, -0.03370313345684214, -0.04936623694633784, 0.05077345622383771, -0.06365771972071309, -0.026385425269704797, -0.07000159645290464, -0.04097134790723281, 0.012313742647807897, -0.06365366842371098]"
64,nearly,1,0.004761904761904762,0.6682575694955839,70,"[0. 0. 0. 0. 0. 0. 0. 0. 0. 0. 0. 0. 0. 0. 0. 0. 0. 0. 0. 0. 0. 0. 0. 0.
 0. 0. 0. 0. 0. 0. 0. 0. 0. 0. 0. 0. 0. 0. 0. 0. 0. 0. 0. 0. 0. 0. 0. 0.
 0. 0. 0. 0. 0. 0. 0. 0. 0. 0. 0. 0. 0. 0. 0. 0. 1. 0. 0. 0. 0. 0. 0. 0.
 0. 0. 0. 0. 0. 0. 0. 0. 0. 0. 0. 0. 0. 0. 0. 0. 0. 0.]","[-0.05851396888248854, 0.06063171685358286, 0.0009181842114463534, 0.024729965901484772, -0.0553555018180041, -0.0028228610307520986, -0.031891977606686314, 0.011169392709864587, -0.05145892678387143, -0.06883208550061036, 0.021884559428613712, 0.010607796231216812, 0.04106629992397549, 0.06702023700823541, 0.07114961142591815, -0.040474747329288276, -0.01560676370942084, -0.05831586181827957, -0.030260075943314448, 0.05694325029155066, -0.00985408532688685, -0.06837044092302764, 0.0775041986074009, 0.06461749073407984]"
65,neptune,1,0.004761904761904762,0.6682575694955839,71,"[0. 0. 0. 0. 0. 0. 0. 0. 0. 0. 0. 0. 0. 0. 0. 0. 0. 0. 0. 0. 0. 0. 0. 0.
 0. 0. 0. 0. 0. 0. 0. 0. 0. 0. 0. 0. 0. 0. 0. 0. 0. 0. 0. 0. 0. 0. 0. 0.
 0. 0. 0. 0. 0. 0. 0. 0. 0. 0. 0. 0. 0. 0. 0. 0. 0. 1. 0. 0. 0. 0. 0. 0.
 0. 0. 0. 0. 0. 0. 0. 0. 0. 0. 0. 0. 0. 0. 0. 0. 0. 0.]","[-0.0564783007274749, 0.02487957375109728, -0.05071301930638765, -0.07457154523961054, -0.06736253922346688, -0.06280828963908659, 0.06282518858178679, 0.06701197346843271, 0.04754040709405526, -0.06101974522745181, 0.01744481945241015, 0.045291930642641635, -0.05754354691251773, -0.0051895356797501645, -0.042733267947881515, 0.024645532048087195, 0.03774496215463386, -0.02506935923332004, 0.016265924632344518, 0.06655313503571993, -0.002355613265463883, -0.0240462054221266, 0.03623666556363288, 0.023668919750619508]"
66,or,1,0.004761904761904762,0.6682575694955839,72,"[0. 0. 0. 0. 0. 0. 0. 0. 0. 0. 0. 0. 0. 0. 0. 0. 0. 0. 0. 0. 0. 0. 0. 0.
 0. 0. 0. 0. 0. 0. 0. 0. 0. 0. 0. 0. 0. 0. 0. 0. 0. 0. 0. 0. 0. 0. 0. 0.
 0. 0. 0. 0. 0. 0. 0. 0. 0. 0. 0. 0. 0. 0. 0. 0. 0. 0. 1. 0. 0. 0. 0. 0.
 0. 0. 0. 0. 0. 0. 0. 0. 0. 0. 0. 0. 0. 0. 0. 0. 0. 0.]","[0.014436460915204587, 0.044332473200269513, -0.043310884835439004, 0.039382589019910985, -0.04185960686968381, 0.04788979624192002, 0.06585555742296062, 0.04159431392317052, 0.04760002217959601, -0.01121679323098194, -0.0675488395257122, 0.05153893172479414, 0.04902995504535604, -0.004831878549512918, -0.04114847531091142, 0.03451833742531169, 0.02802005503550681, -0.053784477700967115, -0.023359267100546106, 0.062089587857387045, 0.07923071372629502, -0.043669774246148915, -0.008420277410243369, 0.05533093150217017]"
67,orbits,1,0.004761904761904762,0.6682575694955839,72,"[0. 0. 0. 0. 0. 0. 0. 0. 0. 0. 0. 0. 0. 0. 0. 0. 0. 0. 0. 0. 0. 0. 0. 0.
 0. 0. 0. 0. 0. 0. 0. 0. 0. 0. 0. 0. 0. 0. 0. 0. 0. 0. 0. 0. 0. 0. 0. 0.
 0. 0. 0. 0. 0. 0. 0. 0. 0. 0. 0. 0. 0. 0. 0. 0. 0. 0. 0. 1. 0. 0. 0. 0.
 0. 0. 0. 0. 0. 0. 0. 0. 0. 0. 0. 0. 0. 0. 0. 0. 0. 0.]","[-0.01505535984642001, -0.07318797730150599, 0.04480344192913485, -0.024257859192258518, 0.07346027491426173, 0.04767526370978674, 0.007337140150069815, 0.05466842382529056, 0.00039933915685993294, -0.06724853673885481, -0.03670030115255963, -0.046991330503159214, 0.07962912293599361, 0.025823352107052094, -0.030343419997930325, -0.057365436791028165, -0.07363185690331528, -0.05798754244617624, 0.05911191615605855, 0.013039684667613183, 0.03470885860821706, -0.03744488265502544, -0.03737340748588409, 0.0017552708255441569]"
68,outer,1,0.004761904761904762,0.6682575694955839,73,"[0. 0. 0. 0. 0. 0. 0. 0. 0. 0. 0. 0. 0. 0. 0. 0. 0. 0. 0. 0. 0. 0. 0. 0.
 0. 0. 0. 0. 0. 0. 0. 0. 0. 0. 0. 0. 0. 0. 0. 0. 0. 0. 0. 0. 0. 0. 0. 0.
 0. 0. 0. 0. 0. 0. 0. 0. 0. 0. 0. 0. 0. 0. 0. 0. 0. 0. 0. 0. 1. 0. 0. 0.
 0. 0. 0. 0. 0. 0. 0. 0. 0. 0. 0. 0. 0. 0. 0. 0. 0. 0.]","[0.026500820015847113, -0.01926184216942111, 0.03145331340508802, 0.035515367434984346, 0.059696515002779116, 0.07305675678530649, 0.07713287594347532, -0.06326645758213519, 0.011449785366598486, -0.07156846042280617, -0.06619168748155445, -0.028011634828873262, 0.055601536522395564, -0.00531688175706577, -0.07692683407933103, -0.0018168794795834155, -0.041116337697787525, -0.04425229098742803, -0.004994022922157344, -0.044275079194650686, -0.02581647865367705, -0.04029590113390045, -0.04082247849527105, 0.055659762637882956]"
69,outermost,1,0.004761904761904762,0.6682575694955839,74,"[0. 0. 0. 0. 0. 0. 0. 0. 0. 0. 0. 0. 0. 0. 0. 0. 0. 0. 0. 0. 0. 0. 0. 0.
 0. 0. 0. 0. 0. 0. 0. 0. 0. 0. 0. 0. 0. 0. 0. 0. 0. 0. 0. 0. 0. 0. 0. 0.
 0. 0. 0. 0. 0. 0. 0. 0. 0. 0. 0. 0. 0. 0. 0. 0. 0. 0. 0. 0. 0. 1. 0. 0.
 0. 0. 0. 0. 0. 0. 0. 0. 0. 0. 0. 0. 0. 0. 0. 0. 0. 0.]","[-0.056464325996093155, -0.07725644630598438, 0.014837248337213092, -0.08650038183500443, 0.06549503854384343, -0.08014987938164882, -0.053913571431676056, -0.013711148642124103, 0.08015003169972101, 0.0003246870110295753, -0.06614502398893177, 0.06387144953843511, -0.028248527181185618, 0.049586263712000714, 0.04453534060409205, -0.01297759701510994, 0.007073525557299536, -0.04507193697084504, 0.040682861490338104, -0.040222594180306194, 0.01508508509908208, 0.004119438708076143, -0.03785204295723323, 0.01572555381272645]"
70,planet,1,0.004761904761904762,0.6682575694955839,75,"[0. 0. 0. 0. 0. 0. 0. 0. 0. 0. 0. 0. 0. 0. 0. 0. 0. 0. 0. 0. 0. 0. 0. 0.
 0. 0. 0. 0. 0. 0. 0. 0. 0. 0. 0. 0. 0. 0. 0. 0. 0. 0. 0. 0. 0. 0. 0. 0.
 0. 0. 0. 0. 0. 0. 0. 0. 0. 0. 0. 0. 0. 0. 0. 0. 0. 0. 0. 0. 0. 0. 1. 0.
 0. 0. 0. 0. 0. 0. 0. 0. 0. 0. 0. 0. 0. 0. 0. 0. 0. 0.]","[-0.011747680929257643, -0.011474284608010655, 0.0731138698262431, -0.04333501727530471, -0.008751143775923655, 0.08138078188344329, -0.08149315027219123, 0.02149390240111957, 0.007561102684212871, 0.0644919007757563, 0.011783011045856669, 0.05291973636685089, -0.05316576441815037, -0.03591299078520113, -0.07284824216801347, -0.04245115076328244, 0.03530756512934594, -0.06899241497508572, -0.04502406691165802, 0.03733718531975516, -0.035569521560999594, 0.02700694276059831, 0.07143502669465432, 0.005403546669085018]"
71,points,1,0.004761904761904762,0.6682575694955839,76,"[0. 0. 0. 0. 0. 0. 0. 0. 0. 0. 0. 0. 0. 0. 0. 0. 0. 0. 0. 0. 0. 0. 0. 0.
 0. 0. 0. 0. 0. 0. 0. 0. 0. 0. 0. 0. 0. 0. 0. 0. 0. 0. 0. 0. 0. 0. 0. 0.
 0. 0. 0. 0. 0. 0. 0. 0. 0. 0. 0. 0. 0. 0. 0. 0. 0. 0. 0. 0. 0. 0. 0. 1.
 0. 0. 0. 0. 0. 0. 0. 0. 0. 0. 0. 0. 0. 0. 0. 0. 0. 0.]","[-0.019075446602641526, 0.004720393879034229, -0.01518948563322873, 0.05143014207214584, 0.06824364315885595, -0.0891405762667847, 0.06109052587688584, -0.07650540012350995, 0.05968878391036143, -0.08456406813067904, -0.04848247547813302, 0.016984111720605065, -0.022165452282339616, 0.04049869880674668, -0.045834316962759934, -0.018333096168935817, 0.01014845843835739, -0.00635327193908723, -0.020756152187614563, -0.057241624967199145, -0.012786977519615833, -0.021508648307194077, 0.07123613067046194, 0.07802211889682244]"
72,primarily,1,0.004761904761904762,0.6682575694955839,76,"[0. 0. 0. 0. 0. 0. 0. 0. 0. 0. 0. 0. 0. 0. 0. 0. 0. 0. 0. 0. 0. 0. 0. 0.
 0. 0. 0. 0. 0. 0. 0. 0. 0. 0. 0. 0. 0. 0. 0. 0. 0. 0. 0. 0. 0. 0. 0. 0.
 0. 0. 0. 0. 0. 0. 0. 0. 0. 0. 0. 0. 0. 0. 0. 0. 0. 0. 0. 0. 0. 0. 0. 0.
 1. 0. 0. 0. 0. 0. 0. 0. 0. 0. 0. 0. 0. 0. 0. 0. 0. 0.]","[0.041931649992187355, -0.03231717195388524, -0.0188885854865212, 0.041648065269655116, 0.03585029469924538, -0.040019625919095525, 0.07088535573178158, -0.025021930729392433, 0.02201469781411396, 0.05830157013152288, -0.0028772945417744862, -0.03809452956402095, -0.06655518407318727, 0.037700490692593895, 0.022630003189498118, -0.02387105765234492, 0.06806429513464646, -0.06504243770401832, 0.030617655590480103, 0.04568233563101899, 0.0588631520641572, -0.031256691103361545, 0.07377763362039433, -0.048088291711102744]"
73,relatively,1,0.004761904761904762,0.6682575694955839,77,"[0. 0. 0. 0. 0. 0. 0. 0. 0. 0. 0. 0. 0. 0. 0. 0. 0. 0. 0. 0. 0. 0. 0. 0.
 0. 0. 0. 0. 0. 0. 0. 0. 0. 0. 0. 0. 0. 0. 0. 0. 0. 0. 0. 0. 0. 0. 0. 0.
 0. 0. 0. 0. 0. 0. 0. 0. 0. 0. 0. 0. 0. 0. 0. 0. 0. 0. 0. 0. 0. 0. 0. 0.
 0. 1. 0. 0. 0. 0. 0. 0. 0. 0. 0. 0. 0. 0. 0. 0. 0. 0.]","[-0.0137951598004261, -0.07811893587099863, -0.02415667400456153, 0.05905832600555046, -0.0826701578531697, 0.0066253080994281, 0.04283679489284859, 0.03617040146438776, 0.07830541784977167, 0.00856489535104537, -0.048578253973473415, 0.08118208534223387, 0.002420714190378396, 0.05550840903574262, 0.07428923866798157, -0.02268916058216219, -0.0832653281316833, -0.004218623314868263, 0.011309772510303637, -0.08220172712132416, -0.007580408797078169, 0.00038954263482375074, -0.04412639119076798, -0.051938273314990735]"
74,remaining,1,0.004761904761904762,0.6682575694955839,78,"[0. 0. 0. 0. 0. 0. 0. 0. 0. 0. 0. 0. 0. 0. 0. 0. 0. 0. 0. 0. 0. 0. 0. 0.
 0. 0. 0. 0. 0. 0. 0. 0. 0. 0. 0. 0. 0. 0. 0. 0. 0. 0. 0. 0. 0. 0. 0. 0.
 0. 0. 0. 0. 0. 0. 0. 0. 0. 0. 0. 0. 0. 0. 0. 0. 0. 0. 0. 0. 0. 0. 0. 0.
 0. 0. 1. 0. 0. 0. 0. 0. 0. 0. 0. 0. 0. 0. 0. 0. 0. 0.]","[-0.016971802463036315, -0.06569467483342675, 0.04600476936041249, 0.013423943688220627, -0.07307984303565034, 0.01870987132394802, 0.043219908820142657, 0.005610190646635292, 0.005155133866507826, 0.027947282511220178, 0.009013234459684416, -0.050833013897951106, -0.07783919237862108, -0.08764980833489774, 0.055320827015937275, 0.029587601739740396, -0.0731662440377005, 0.07693565539039827, 0.000778886770846344, 0.007947046398521857, -0.06588997432973304, -0.0733678238681529, 0.06112215393279299, 0.01473111689582162]"
75,rock,1,0.004761904761904762,0.6682575694955839,79,"[0. 0. 0. 0. 0. 0. 0. 0. 0. 0. 0. 0. 0. 0. 0. 0. 0. 0. 0. 0. 0. 0. 0. 0.
 0. 0. 0. 0. 0. 0. 0. 0. 0. 0. 0. 0. 0. 0. 0. 0. 0. 0. 0. 0. 0. 0. 0. 0.
 0. 0. 0. 0. 0. 0. 0. 0. 0. 0. 0. 0. 0. 0. 0. 0. 0. 0. 0. 0. 0. 0. 0. 0.
 0. 0. 0. 1. 0. 0. 0. 0. 0. 0. 0. 0. 0. 0. 0. 0. 0. 0.]","[0.022602816653073943, -0.06747445434753382, 0.06889437923436205, -0.06754134736393151, 0.06888393239360772, 0.07768560301125897, 0.04906820494699572, 0.018943311038416788, -0.020366653551737564, -0.0012319890578390209, 0.0036263241773570477, -0.07816686615759182, -0.021491462723388803, -0.004118434294652081, -0.02795545313192952, 0.04358164372125076, -0.05322063277555136, 0.052173833010459345, -0.02312066526348964, 0.07359202908823738, 0.06094253250917564, 0.0029393194612541084, 0.040808699041876534, -0.051569413045028906]"
76,saturn,1,0.004761904761904762,0.6682575694955839,80,"[0. 0. 0. 0. 0. 0. 0. 0. 0. 0. 0. 0. 0. 0. 0. 0. 0. 0. 0. 0. 0. 0. 0. 0.
 0. 0. 0. 0. 0. 0. 0. 0. 0. 0. 0. 0. 0. 0. 0. 0. 0. 0. 0. 0. 0. 0. 0. 0.
 0. 0. 0. 0. 0. 0. 0. 0. 0. 0. 0. 0. 0. 0. 0. 0. 0. 0. 0. 0. 0. 0. 0. 0.
 0. 0. 0. 0. 1. 0. 0. 0. 0. 0. 0. 0. 0. 0. 0. 0. 0. 0.]","[0.028943552713563133, 0.041197536461412824, -0.033470340552064846, 0.05001095811930891, -0.002674276238882543, -0.008869347671356657, 0.01807275238860679, -0.03555422529627575, 0.0824434506994612, 0.03929387127295907, 0.059170668532871715, 0.008135862447704995, -0.0891306129445114, 0.015982156191171517, 0.006948641633529773, 0.06377761755430114, -0.036489923232001696, -0.07926918342734286, -0.03375728023552891, 0.08615745369513282, -0.019980186990146077, 0.04661074716533465, -0.04975318933700127, -0.06430616519952939]"
77,smaller,1,0.004761904761904762,0.6682575694955839,80,"[0. 0. 0. 0. 0. 0. 0. 0. 0. 0. 0. 0. 0. 0. 0. 0. 0. 0. 0. 0. 0. 0. 0. 0.
 0. 0. 0. 0. 0. 0. 0. 0. 0. 0. 0. 0. 0. 0. 0. 0. 0. 0. 0. 0. 0. 0. 0. 0.
 0. 0. 0. 0. 0. 0. 0. 0. 0. 0. 0. 0. 0. 0. 0. 0. 0. 0. 0. 0. 0. 0. 0. 0.
 0. 0. 0. 0. 0. 1. 0. 0. 0. 0. 0. 0. 0. 0. 0. 0. 0. 0.]","[-0.09030226014801794, 0.08172371208789095, -0.0733160483642313, -0.0026521888348883696, -0.04616038345429872, -0.02183276541999586, -0.08042464320026352, 0.0011070897733255487, -0.02745050875743135, -0.028395544867703033, 0.07425182539067898, 0.009631981489247871, 0.06491185685872569, -0.034111404220957105, 0.031891503304188176, -0.02616628600589736, -0.0018953061875766285, 0.04222937456067177, -0.013914051063266118, -0.012672308522617077, -0.07459628719549942, 0.07304677562786459, -0.04590264844615877, 0.04141324621860387]"
78,smallest,1,0.004761904761904762,0.6682575694955839,81,"[0. 0. 0. 0. 0. 0. 0. 0. 0. 0. 0. 0. 0. 0. 0. 0. 0. 0. 0. 0. 0. 0. 0. 0.
 0. 0. 0. 0. 0. 0. 0. 0. 0. 0. 0. 0. 0. 0. 0. 0. 0. 0. 0. 0. 0. 0. 0. 0.
 0. 0. 0. 0. 0. 0. 0. 0. 0. 0. 0. 0. 0. 0. 0. 0. 0. 0. 0. 0. 0. 0. 0. 0.
 0. 0. 0. 0. 0. 0. 1. 0. 0. 0. 0. 0. 0. 0. 0. 0. 0. 0.]","[0.029436458342122013, -0.06480906638507127, -0.03857096959138521, -0.07093545037725799, -0.027606067103429225, -0.023551963936566677, 0.040500741700418535, 0.059786493740441114, 0.001283980800458092, -0.025795176654180945, 0.014055304768612645, -0.03214715056802461, -0.04056681798088237, -0.033989308464069085, -0.0672108961785036, 0.05680928406828465, -0.03453074966344833, -0.0007728364422459734, 0.06994626161068246, -0.05791209002895278, 0.06875527382194875, 0.02651508935593781, -0.06213641457042257, -0.052376153846653395]"
79,solar,1,0.004761904761904762,0.6682575694955839,82,"[0. 0. 0. 0. 0. 0. 0. 0. 0. 0. 0. 0. 0. 0. 0. 0. 0. 0. 0. 0. 0. 0. 0. 0.
 0. 0. 0. 0. 0. 0. 0. 0. 0. 0. 0. 0. 0. 0. 0. 0. 0. 0. 0. 0. 0. 0. 0. 0.
 0. 0. 0. 0. 0. 0. 0. 0. 0. 0. 0. 0. 0. 0. 0. 0. 0. 0. 0. 0. 0. 0. 0. 0.
 0. 0. 0. 0. 0. 0. 0. 1. 0. 0. 0. 0. 0. 0. 0. 0. 0. 0.]","[-0.02452329578408594, -0.07052113350606014, -0.009922092170993109, -0.011622625346098122, 0.016007566945654708, -0.05527473126552651, 0.005424728251926535, 0.013185262152181536, -0.07431257775020138, 0.06366508241067673, 0.02195352913586861, -0.017082060069734832, 0.04328241829096782, -0.017657568930821613, -0.01043189379842881, -0.047062722927992656, -0.006470452673560316, 0.050254170785167994, 0.092771776943243, -0.08584942365171103, -0.07832370079578294, 0.05103816451693333, 0.038449518499340814, -0.09491350339704153]"
80,solarsystem,1,0.004761904761904762,0.6682575694955839,83,"[0. 0. 0. 0. 0. 0. 0. 0. 0. 0. 0. 0. 0. 0. 0. 0. 0. 0. 0. 0. 0. 0. 0. 0.
 0. 0. 0. 0. 0. 0. 0. 0. 0. 0. 0. 0. 0. 0. 0. 0. 0. 0. 0. 0. 0. 0. 0. 0.
 0. 0. 0. 0. 0. 0. 0. 0. 0. 0. 0. 0. 0. 0. 0. 0. 0. 0. 0. 0. 0. 0. 0. 0.
 0. 0. 0. 0. 0. 0. 0. 0. 1. 0. 0. 0. 0. 0. 0. 0. 0. 0.]","[-0.02566799675364305, 0.019184461727817567, 0.050728502663655396, 0.023734990491087786, 0.07854205379665338, 0.06544116552013991, 0.061647301037980815, -0.050571449908297476, -0.06818176110502082, 0.029038530723386094, 0.01685557200658543, 0.042997345875826536, 0.020702125536828583, 0.0009828744712355572, -0.027570065865596835, 0.05734569693827665, 0.06826605541693848, -0.04913051303761593, 0.010609773074355212, 0.039235909839280374, 0.06793686724179156, -0.05405788608864664, -0.033043029639689636, -0.03852807123965034]"
81,substances,1,0.004761904761904762,0.6682575694955839,84,"[0. 0. 0. 0. 0. 0. 0. 0. 0. 0. 0. 0. 0. 0. 0. 0. 0. 0. 0. 0. 0. 0. 0. 0.
 0. 0. 0. 0. 0. 0. 0. 0. 0. 0. 0. 0. 0. 0. 0. 0. 0. 0. 0. 0. 0. 0. 0. 0.
 0. 0. 0. 0. 0. 0. 0. 0. 0. 0. 0. 0. 0. 0. 0. 0. 0. 0. 0. 0. 0. 0. 0. 0.
 0. 0. 0. 0. 0. 0. 0. 0. 0. 1. 0. 0. 0. 0. 0. 0. 0. 0.]","[-0.034761229378751014, 0.05226802046527141, -0.027417386058422945, 0.06696589123017437, -0.04332226593487925, -0.05918157205512107, -0.07260409732044153, -0.0440108413710134, -0.04058390847349505, -0.04931088578535758, 0.03646753980037374, 0.07249482686741893, 0.0499234942651991, -0.04336976540748233, 0.0013006794866813655, 0.01991361834547305, 0.07139102002218493, -0.02080940106165514, 0.027888311401626106, -0.03939535473681423, 0.037505705497992065, -0.0045354850736759504, 0.02401389468420326, 0.06056480527629227]"
82,substantially,1,0.004761904761904762,0.6682575694955839,84,"[0. 0. 0. 0. 0. 0. 0. 0. 0. 0. 0. 0. 0. 0. 0. 0. 0. 0. 0. 0. 0. 0. 0. 0.
 0. 0. 0. 0. 0. 0. 0. 0. 0. 0. 0. 0. 0. 0. 0. 0. 0. 0. 0. 0. 0. 0. 0. 0.
 0. 0. 0. 0. 0. 0. 0. 0. 0. 0. 0. 0. 0. 0. 0. 0. 0. 0. 0. 0. 0. 0. 0. 0.
 0. 0. 0. 0. 0. 0. 0. 0. 0. 0. 1. 0. 0. 0. 0. 0. 0. 0.]","[0.017367135985667186, -0.03084883209219582, -0.010151851614554317, 0.0462157275036949, 0.04434096724761381, -0.001686663440621548, -0.010009432967714152, 0.023141870363125434, 0.07646645844578343, -0.05970017183483069, -0.040761929760483574, -0.028805512899946328, -0.07607567066209515, -0.058556759430079305, -0.08007525816683723, 0.023278315390268686, -0.06359198697905484, -0.025519121858432785, 0.08899464804850152, 0.051941322199032414, -0.0145505403614014, -0.006232118775081272, 0.03570036356048327, -0.08598734041250106]"
83,terrestrial,1,0.004761904761904762,0.6682575694955839,85,"[0. 0. 0. 0. 0. 0. 0. 0. 0. 0. 0. 0. 0. 0. 0. 0. 0. 0. 0. 0. 0. 0. 0. 0.
 0. 0. 0. 0. 0. 0. 0. 0. 0. 0. 0. 0. 0. 0. 0. 0. 0. 0. 0. 0. 0. 0. 0. 0.
 0. 0. 0. 0. 0. 0. 0. 0. 0. 0. 0. 0. 0. 0. 0. 0. 0. 0. 0. 0. 0. 0. 0. 0.
 0. 0. 0. 0. 0. 0. 0. 0. 0. 0. 0. 1. 0. 0. 0. 0. 0. 0.]","[0.04843004095970437, 0.07182258844002262, -0.06442460578877068, 0.05532301936296977, 0.03999980259825847, -0.047550724708179316, -0.053004718720250615, -0.026723799650678323, -0.03609228618345426, -0.07175625304541473, -0.0015089661643208265, -0.049603845829686924, 0.0011609571378113927, 0.023896235744503787, -0.06005789861948742, 0.06070251971735086, 0.04314054153308695, -0.048633576626675834, 0.054626696949831, 0.009483079193073925, 0.011162433255384414, -0.017721894307767917, -0.026789984998409986, 0.07638353046490567]"
84,terrestrials,1,0.004761904761904762,0.6682575694955839,86,"[0. 0. 0. 0. 0. 0. 0. 0. 0. 0. 0. 0. 0. 0. 0. 0. 0. 0. 0. 0. 0. 0. 0. 0.
 0. 0. 0. 0. 0. 0. 0. 0. 0. 0. 0. 0. 0. 0. 0. 0. 0. 0. 0. 0. 0. 0. 0. 0.
 0. 0. 0. 0. 0. 0. 0. 0. 0. 0. 0. 0. 0. 0. 0. 0. 0. 0. 0. 0. 0. 0. 0. 0.
 0. 0. 0. 0. 0. 0. 0. 0. 0. 0. 0. 0. 1. 0. 0. 0. 0. 0.]","[0.006340319471440051, -0.04598174919112164, 0.07186969109219511, 0.05750043742898355, -0.004949479926174313, -0.02709223077141736, -0.051798414537601326, 0.01550180468567649, -0.021287096701804988, -0.050268403848176636, 0.0854074704083522, 0.035943243370933756, 0.04121882289312594, 0.052143172741241584, 0.0037236287818596175, 0.07894507182797829, 0.07833354809241917, 0.02117368371030924, -0.024765346814508905, 0.04147760069715998, 0.007535205364331276, -0.06131029898027172, -0.06534297931266214, 0.05009029935025484]"
85,uranus,1,0.004761904761904762,0.6682575694955839,87,"[0. 0. 0. 0. 0. 0. 0. 0. 0. 0. 0. 0. 0. 0. 0. 0. 0. 0. 0. 0. 0. 0. 0. 0.
 0. 0. 0. 0. 0. 0. 0. 0. 0. 0. 0. 0. 0. 0. 0. 0. 0. 0. 0. 0. 0. 0. 0. 0.
 0. 0. 0. 0. 0. 0. 0. 0. 0. 0. 0. 0. 0. 0. 0. 0. 0. 0. 0. 0. 0. 0. 0. 0.
 0. 0. 0. 0. 0. 0. 0. 0. 0. 0. 0. 0. 0. 1. 0. 0. 0. 0.]","[-0.04458302110427973, -0.04010503921134101, -0.04112529620864668, 0.06541000623264692, -0.015536624380997953, -0.06075963255547166, -0.022934415543447835, 0.07109065232336131, -0.0014895053995476477, -0.04329809783850724, 0.04245591460344335, 0.07236198450996002, 0.03735304087020048, -0.07150643580331899, 0.030705193151015008, 0.010189591438891204, 0.040149294036983176, 0.059167822350511434, -0.029384417557761108, -0.05587829321847572, 0.007252494831430074, 0.005178500406907977, -0.05716091952577795, -0.07492380689707547]"
86,vast,1,0.004761904761904762,0.6682575694955839,88,"[0. 0. 0. 0. 0. 0. 0. 0. 0. 0. 0. 0. 0. 0. 0. 0. 0. 0. 0. 0. 0. 0. 0. 0.
 0. 0. 0. 0. 0. 0. 0. 0. 0. 0. 0. 0. 0. 0. 0. 0. 0. 0. 0. 0. 0. 0. 0. 0.
 0. 0. 0. 0. 0. 0. 0. 0. 0. 0. 0. 0. 0. 0. 0. 0. 0. 0. 0. 0. 0. 0. 0. 0.
 0. 0. 0. 0. 0. 0. 0. 0. 0. 0. 0. 0. 0. 0. 1. 0. 0. 0.]","[0.054089823362586956, -0.024753646642949777, 0.015864542746322964, -0.06863325187103393, -0.023475318366871934, 0.04797712340646298, -0.06958349020774816, -0.023315855129244136, 0.06059107899652337, 0.07633484925972055, 0.059769210753178446, 0.009466165447016847, -0.020564617502799032, 0.0013778831912156194, 0.04198481762331136, 0.07075226721445582, -0.050661533364170924, -0.011406813398282896, 0.04031941053862722, 0.022518359200808667, -0.07339167692125376, -0.06376423259128695, 0.049788294889524055, -0.01961573737460371]"
87,venus,1,0.004761904761904762,0.6682575694955839,88,"[0. 0. 0. 0. 0. 0. 0. 0. 0. 0. 0. 0. 0. 0. 0. 0. 0. 0. 0. 0. 0. 0. 0. 0.
 0. 0. 0. 0. 0. 0. 0. 0. 0. 0. 0. 0. 0. 0. 0. 0. 0. 0. 0. 0. 0. 0. 0. 0.
 0. 0. 0. 0. 0. 0. 0. 0. 0. 0. 0. 0. 0. 0. 0. 0. 0. 0. 0. 0. 0. 0. 0. 0.
 0. 0. 0. 0. 0. 0. 0. 0. 0. 0. 0. 0. 0. 0. 0. 1. 0. 0.]","[0.010577422876288217, -0.05955648063041378, -0.004745336563083825, 0.024563297344217725, -0.05173227438307878, 0.07249654217813743, -0.0708304748035586, -0.08145641327616521, 0.01932062738676676, -0.03358969003317466, 0.04241716399587882, 0.007478033867979092, 0.0021666030535404546, 0.07905220376883819, -0.0806724330673266, 0.009483935838538715, 0.07115804908060307, -0.042111556741768655, -0.051507351671410184, 0.0723819009341421, -0.019359381114260256, 0.013176410331926874, 0.05133068052798653, 0.02883573653091541]"
88,within,1,0.004761904761904762,0.6682575694955839,89,"[0. 0. 0. 0. 0. 0. 0. 0. 0. 0. 0. 0. 0. 0. 0. 0. 0. 0. 0. 0. 0. 0. 0. 0.
 0. 0. 0. 0. 0. 0. 0. 0. 0. 0. 0. 0. 0. 0. 0. 0. 0. 0. 0. 0. 0. 0. 0. 0.
 0. 0. 0. 0. 0. 0. 0. 0. 0. 0. 0. 0. 0. 0. 0. 0. 0. 0. 0. 0. 0. 0. 0. 0.
 0. 0. 0. 0. 0. 0. 0. 0. 0. 0. 0. 0. 0. 0. 0. 0. 1. 0.]","[-0.004483258877860314, 0.0743929504641597, -0.034200236296124904, -0.01890330623090151, 0.07480308529619933, -0.011879060662359464, 0.027824656411408098, -0.010315681227913433, -0.0634533701935037, -0.03537828238486705, -0.03485640832676534, -0.032235147466414364, -0.005151123318098901, -0.056075212654634304, -0.032776811069764204, -0.05063976665546157, 0.057780237080715, -0.005393015914205544, -0.06515663100099839, 0.07426400943728577, 0.07346492738848186, 0.06931083086380033, 0.03259653843999215, 0.05466545233808474]"
89,years,1,0.004761904761904762,0.6682575694955839,90,"[0. 0. 0. 0. 0. 0. 0. 0. 0. 0. 0. 0. 0. 0. 0. 0. 0. 0. 0. 0. 0. 0. 0. 0.
 0. 0. 0. 0. 0. 0. 0. 0. 0. 0. 0. 0. 0. 0. 0. 0. 0. 0. 0. 0. 0. 0. 0. 0.
 0. 0. 0. 0. 0. 0. 0. 0. 0. 0. 0. 0. 0. 0. 0. 0. 0. 0. 0. 0. 0. 0. 0. 0.
 0. 0. 0. 0. 0. 0. 0. 0. 0. 0. 0. 0. 0. 0. 0. 0. 0. 1.]","[-0.047117782776915904, -0.006090348868815165, 0.010071606939006978, 0.01540027172480695, 0.03529748419265387, -0.03491177453589739, 0.03826925712092299, -0.0625827209100574, -0.04994104608677824, -0.046145287429651, -0.06260795986571782, 0.039218780861032074, 0.06643539406711634, -0.05740372130821018, -0.0749753099925167, 0.047069495840337976, -0.04262005099341652, 0.057222969234691244, 0.07074027954033998, 0.03823929155347894, -0.019910138937128313, 0.023577300459929583, 0.03883779247966426, 0.015313934280914092]"
